text,sentiment
The file was uploaded successfully #806,Neutral
The file was uploaded successfully #828,Neutral
The movie was boring #591,Negative
This is the worst purchase ever #819,Negative
Everything failed my expectations #740,Negative
Customer support was helpful #495,Positive
This product is terrible #872,Negative
I am very happy with the purchase #814,Positive
The package contains accessories #861,Neutral
I would never recommend this #466,Negative
The movie was boring #487,Negative
The class begins at nine #183,Neutral
I really enjoyed the service #680,Positive
The meeting was scheduled #350,Neutral
I disliked the performance #494,Negative
The product arrived yesterday #746,Neutral
The food tasted delicious #50,Positive
Customer support was helpful #479,Positive
This is the worst purchase ever #683,Negative
The quality is excellent #156,Positive
I am unhappy with the purchase #537,Negative
Everything exceeded my expectations #941,Positive
The design looks outdated #24,Negative
The experience was wonderful #242,Positive
The food tasted awful #319,Negative
Customer support was helpful #684,Positive
Everything failed my expectations #961,Negative
The movie was boring #827,Negative
Everything failed my expectations #641,Negative
This product is amazing #116,Positive
This is the best purchase ever #507,Positive
I really enjoyed the service #618,Positive
Everything exceeded my expectations #823,Positive
I loved the performance #390,Positive
The message was delivered #323,Neutral
This is the best purchase ever #996,Positive
Customer support was helpful #301,Positive
I really enjoyed the service #435,Positive
I disliked the performance #383,Negative
The food tasted awful #757,Negative
Customer support was rude #823,Negative
The message was delivered #982,Neutral
I am unhappy with the purchase #61,Negative
I really enjoyed the service #465,Positive
Customer support was rude #647,Negative
The app crashes often #862,Negative
Customer support was helpful #560,Positive
I am unhappy with the purchase #501,Negative
Delivery was delayed badly #925,Negative
The account was created #399,Neutral
The movie was fantastic #859,Positive
The item is available online #217,Neutral
The train arrived on time #869,Neutral
I disliked the performance #350,Negative
The experience was wonderful #451,Positive
The quality is excellent #210,Positive
This is the worst purchase ever #766,Negative
I disliked the performance #726,Negative
This product is terrible #105,Negative
The movie was boring #603,Negative
I am unhappy with the purchase #685,Negative
I would highly recommend this #780,Positive
I loved the performance #339,Positive
The food tasted awful #394,Negative
This product is terrible #662,Negative
The movie was fantastic #42,Positive
I really enjoyed the service #85,Positive
The package contains accessories #879,Neutral
I would highly recommend this #439,Positive
Customer support was rude #19,Negative
The package contains accessories #251,Neutral
The design looks beautiful #694,Positive
The order number was updated #398,Neutral
I would highly recommend this #222,Positive
I used the app today #382,Neutral
This product is amazing #315,Positive
This product is amazing #863,Positive
Delivery was delayed badly #733,Negative
The product arrived yesterday #56,Neutral
Delivery was fast and smooth #489,Positive
The design looks outdated #165,Negative
The app works perfectly #471,Positive
This product is terrible #773,Negative
The account was created #5,Neutral
The message was delivered #826,Neutral
The event starts tomorrow #229,Neutral
The message was delivered #480,Neutral
The quality is very poor #939,Negative
I disliked the performance #879,Negative
The design looks beautiful #202,Positive
The package contains accessories #341,Neutral
The app crashes often #99,Negative
Delivery was fast and smooth #884,Positive
The class begins at nine #690,Neutral
The quality is excellent #976,Positive
I used the app today #11,Neutral
Everything failed my expectations #340,Negative
Delivery was delayed badly #252,Negative
I hated the service #997,Negative
The message was delivered #514,Neutral
The account was created #897,Neutral
The payment was processed #136,Neutral
The food tasted awful #659,Negative
The order number was updated #896,Neutral
This product is terrible #146,Negative
The design looks beautiful #311,Positive
The class begins at nine #933,Neutral
This is the best purchase ever #494,Positive
The movie was boring #839,Negative
Delivery was fast and smooth #880,Positive
The app works perfectly #596,Positive
The food tasted delicious #946,Positive
The movie was boring #478,Negative
The food tasted delicious #719,Positive
The quality is very poor #998,Negative
The order number was updated #893,Neutral
The app works perfectly #344,Positive
The system is running normally #376,Neutral
The meeting was scheduled #824,Neutral
This product is amazing #771,Positive
I hated the service #292,Negative
The train arrived on time #771,Neutral
This product is terrible #884,Negative
This is the worst purchase ever #398,Negative
The meeting was scheduled #313,Neutral
Delivery was fast and smooth #446,Positive
The food tasted delicious #910,Positive
This is the worst purchase ever #560,Negative
The app crashes often #745,Negative
I loved the performance #801,Positive
Everything exceeded my expectations #104,Positive
The order number was updated #478,Neutral
Everything exceeded my expectations #524,Positive
The movie was boring #846,Negative
This is the best purchase ever #28,Positive
The class begins at nine #738,Neutral
The food tasted awful #204,Negative
Customer support was rude #654,Negative
I would highly recommend this #706,Positive
I would never recommend this #526,Negative
Customer support was helpful #815,Positive
I loved the performance #783,Positive
The order number was updated #432,Neutral
The experience was wonderful #325,Positive
Delivery was delayed badly #376,Negative
I really enjoyed the service #664,Positive
The system is running normally #677,Neutral
This is the best purchase ever #360,Positive
The event starts tomorrow #190,Neutral
The meeting was scheduled #809,Neutral
Customer support was helpful #739,Positive
The quality is excellent #900,Positive
I disliked the performance #912,Negative
The food tasted delicious #21,Positive
Customer support was helpful #995,Positive
Delivery was fast and smooth #99,Positive
This is the best purchase ever #285,Positive
I would never recommend this #250,Negative
The quality is excellent #321,Positive
The train arrived on time #195,Neutral
The design looks beautiful #73,Positive
The food tasted awful #274,Negative
I loved the performance #899,Positive
I really enjoyed the service #626,Positive
I would highly recommend this #37,Positive
I would never recommend this #181,Negative
The event starts tomorrow #271,Neutral
The train arrived on time #356,Neutral
The food tasted delicious #605,Positive
The package contains accessories #407,Neutral
The message was delivered #115,Neutral
The package contains accessories #664,Neutral
I would never recommend this #85,Negative
Customer support was rude #104,Negative
I hated the service #212,Negative
Delivery was delayed badly #249,Negative
I hated the service #345,Negative
The experience was disappointing #732,Negative
The class begins at nine #110,Neutral
I am unhappy with the purchase #224,Negative
I disliked the performance #462,Negative
The package contains accessories #83,Neutral
I am very happy with the purchase #473,Positive
The design looks outdated #397,Negative
The message was delivered #224,Neutral
The system is running normally #420,Neutral
The movie was boring #233,Negative
I hated the service #434,Negative
The account was created #263,Neutral
The experience was wonderful #567,Positive
The meeting was scheduled #220,Neutral
I hated the service #246,Negative
Everything failed my expectations #148,Negative
The order number was updated #535,Neutral
Delivery was fast and smooth #882,Positive
This is the worst purchase ever #789,Negative
The experience was disappointing #699,Negative
The experience was wonderful #167,Positive
I would never recommend this #169,Negative
I loved the performance #911,Positive
Delivery was fast and smooth #130,Positive
The experience was wonderful #320,Positive
The event starts tomorrow #242,Neutral
The product arrived yesterday #774,Neutral
I am unhappy with the purchase #917,Negative
This is the best purchase ever #253,Positive
The train arrived on time #490,Neutral
The movie was fantastic #86,Positive
The movie was boring #28,Negative
The design looks outdated #623,Negative
The class begins at nine #811,Neutral
I would never recommend this #910,Negative
The app works perfectly #873,Positive
The payment was processed #732,Neutral
This is the worst purchase ever #567,Negative
The report was submitted #684,Neutral
I am unhappy with the purchase #431,Negative
The food tasted awful #836,Negative
I hated the service #625,Negative
Customer support was rude #811,Negative
Customer support was helpful #370,Positive
I would never recommend this #891,Negative
The experience was wonderful #62,Positive
The app works perfectly #115,Positive
I hated the service #761,Negative
This product is terrible #11,Negative
The order number was updated #179,Neutral
The package contains accessories #917,Neutral
The file was uploaded successfully #333,Neutral
I disliked the performance #109,Negative
The experience was disappointing #481,Negative
The message was delivered #174,Neutral
The food tasted awful #767,Negative
The movie was fantastic #651,Positive
The order number was updated #384,Neutral
I would never recommend this #651,Negative
The quality is very poor #737,Negative
The system is running normally #802,Neutral
I hated the service #381,Negative
This product is terrible #614,Negative
The quality is excellent #748,Positive
This product is terrible #126,Negative
This product is terrible #429,Negative
The message was delivered #377,Neutral
I used the app today #984,Neutral
The app works perfectly #248,Positive
The quality is excellent #745,Positive
I would never recommend this #576,Negative
I really enjoyed the service #599,Positive
The meeting was scheduled #406,Neutral
The app crashes often #899,Negative
I would never recommend this #158,Negative
I really enjoyed the service #542,Positive
This product is amazing #765,Positive
The movie was boring #102,Negative
The movie was fantastic #68,Positive
This product is amazing #909,Positive
The system is running normally #695,Neutral
This is the best purchase ever #918,Positive
This product is terrible #611,Negative
I would highly recommend this #39,Positive
The order number was updated #508,Neutral
The file was uploaded successfully #843,Neutral
The app crashes often #907,Negative
The item is available online #777,Neutral
I loved the performance #416,Positive
This is the best purchase ever #805,Positive
This product is amazing #573,Positive
The train arrived on time #707,Neutral
The report was submitted #360,Neutral
Everything exceeded my expectations #999,Positive
The app works perfectly #395,Positive
The order number was updated #803,Neutral
The class begins at nine #543,Neutral
This is the worst purchase ever #721,Negative
Delivery was fast and smooth #462,Positive
The event starts tomorrow #121,Neutral
I would highly recommend this #778,Positive
The payment was processed #939,Neutral
The product arrived yesterday #430,Neutral
The food tasted delicious #112,Positive
The design looks beautiful #8,Positive
The order number was updated #878,Neutral
The food tasted delicious #192,Positive
The quality is very poor #919,Negative
The item is available online #854,Neutral
The movie was fantastic #418,Positive
The meeting was scheduled #798,Neutral
I disliked the performance #247,Negative
The report was submitted #372,Neutral
The design looks beautiful #887,Positive
The train arrived on time #185,Neutral
The quality is excellent #10,Positive
This product is terrible #555,Negative
This is the worst purchase ever #194,Negative
I would highly recommend this #262,Positive
I used the app today #961,Neutral
The movie was fantastic #367,Positive
The meeting was scheduled #6,Neutral
The quality is very poor #205,Negative
Delivery was fast and smooth #389,Positive
The event starts tomorrow #288,Neutral
The movie was boring #444,Negative
Customer support was helpful #328,Positive
I disliked the performance #119,Negative
The movie was boring #301,Negative
The design looks outdated #626,Negative
This product is terrible #411,Negative
The event starts tomorrow #284,Neutral
I would highly recommend this #373,Positive
Customer support was helpful #219,Positive
Delivery was delayed badly #424,Negative
Delivery was fast and smooth #544,Positive
The system is running normally #915,Neutral
The meeting was scheduled #885,Neutral
The app crashes often #875,Negative
The order number was updated #534,Neutral
The order number was updated #525,Neutral
The experience was wonderful #534,Positive
This is the best purchase ever #264,Positive
The design looks beautiful #707,Positive
The app works perfectly #847,Positive
Delivery was delayed badly #485,Negative
I would highly recommend this #384,Positive
The movie was fantastic #215,Positive
The payment was processed #547,Neutral
The quality is very poor #161,Negative
The order number was updated #926,Neutral
This product is terrible #513,Negative
The account was created #747,Neutral
The app crashes often #23,Negative
The event starts tomorrow #588,Neutral
This is the best purchase ever #374,Positive
This is the worst purchase ever #813,Negative
The meeting was scheduled #954,Neutral
This is the worst purchase ever #361,Negative
The message was delivered #715,Neutral
The quality is very poor #331,Negative
This is the best purchase ever #830,Positive
The system is running normally #840,Neutral
The system is running normally #355,Neutral
Everything failed my expectations #914,Negative
The meeting was scheduled #705,Neutral
The app crashes often #373,Negative
I would highly recommend this #614,Positive
The app works perfectly #216,Positive
The design looks beautiful #802,Positive
The class begins at nine #847,Neutral
The food tasted delicious #668,Positive
I hated the service #232,Negative
I am very happy with the purchase #769,Positive
I am unhappy with the purchase #571,Negative
Everything exceeded my expectations #193,Positive
The movie was fantastic #211,Positive
The meeting was scheduled #253,Neutral
The product arrived yesterday #166,Neutral
This product is amazing #722,Positive
The message was delivered #66,Neutral
This product is terrible #449,Negative
This product is amazing #947,Positive
The quality is very poor #388,Negative
This product is terrible #176,Negative
This is the best purchase ever #18,Positive
I really enjoyed the service #809,Positive
The experience was disappointing #627,Negative
I used the app today #616,Neutral
The report was submitted #974,Neutral
I loved the performance #609,Positive
I hated the service #47,Negative
The report was submitted #149,Neutral
This is the best purchase ever #169,Positive
The train arrived on time #324,Neutral
The system is running normally #591,Neutral
I hated the service #781,Negative
This is the best purchase ever #455,Positive
Delivery was fast and smooth #375,Positive
Customer support was helpful #875,Positive
I hated the service #351,Negative
The product arrived yesterday #434,Neutral
The package contains accessories #837,Neutral
Customer support was rude #228,Negative
I loved the performance #23,Positive
The food tasted delicious #233,Positive
The event starts tomorrow #976,Neutral
The experience was wonderful #448,Positive
The order number was updated #36,Neutral
The class begins at nine #211,Neutral
The payment was processed #327,Neutral
The app crashes often #314,Negative
I hated the service #477,Negative
The train arrived on time #518,Neutral
The report was submitted #114,Neutral
The quality is excellent #52,Positive
The meeting was scheduled #608,Neutral
Everything exceeded my expectations #341,Positive
I really enjoyed the service #163,Positive
I would never recommend this #564,Negative
I really enjoyed the service #672,Positive
The experience was wonderful #185,Positive
The item is available online #426,Neutral
The food tasted delicious #623,Positive
I would highly recommend this #490,Positive
The experience was wonderful #87,Positive
I really enjoyed the service #541,Positive
Delivery was delayed badly #589,Negative
The file was uploaded successfully #853,Neutral
This product is terrible #878,Negative
The meeting was scheduled #874,Neutral
The meeting was scheduled #448,Neutral
The food tasted delicious #3,Positive
The product arrived yesterday #745,Neutral
I am very happy with the purchase #487,Positive
The event starts tomorrow #60,Neutral
The class begins at nine #230,Neutral
I would highly recommend this #294,Positive
I disliked the performance #932,Negative
Delivery was delayed badly #60,Negative
The experience was disappointing #356,Negative
The report was submitted #898,Neutral
The event starts tomorrow #622,Neutral
The account was created #365,Neutral
I would never recommend this #519,Negative
I hated the service #853,Negative
The quality is very poor #117,Negative
The system is running normally #342,Neutral
The design looks outdated #681,Negative
The meeting was scheduled #891,Neutral
The design looks outdated #103,Negative
The app works perfectly #953,Positive
The food tasted awful #972,Negative
The quality is excellent #240,Positive
The food tasted delicious #484,Positive
Delivery was fast and smooth #461,Positive
The event starts tomorrow #990,Neutral
Delivery was delayed badly #84,Negative
I loved the performance #631,Positive
The product arrived yesterday #943,Neutral
The app crashes often #268,Negative
Customer support was rude #330,Negative
This product is terrible #401,Negative
This product is amazing #84,Positive
The package contains accessories #292,Neutral
The meeting was scheduled #985,Neutral
This product is amazing #652,Positive
The food tasted delicious #380,Positive
The meeting was scheduled #813,Neutral
I hated the service #218,Negative
The report was submitted #467,Neutral
This product is terrible #318,Negative
The app works perfectly #790,Positive
The account was created #255,Neutral
The report was submitted #214,Neutral
This is the best purchase ever #324,Positive
The order number was updated #850,Neutral
The quality is very poor #135,Negative
This is the worst purchase ever #498,Negative
The experience was disappointing #227,Negative
This is the worst purchase ever #595,Negative
I really enjoyed the service #338,Positive
Customer support was rude #540,Negative
I used the app today #332,Neutral
The train arrived on time #206,Neutral
The report was submitted #930,Neutral
The event starts tomorrow #495,Neutral
The product arrived yesterday #345,Neutral
Delivery was delayed badly #505,Negative
The item is available online #363,Neutral
The meeting was scheduled #559,Neutral
The experience was wonderful #263,Positive
I am unhappy with the purchase #467,Negative
Customer support was rude #620,Negative
The class begins at nine #849,Neutral
Customer support was helpful #781,Positive
I used the app today #144,Neutral
I would highly recommend this #503,Positive
I would never recommend this #821,Negative
Delivery was fast and smooth #485,Positive
The payment was processed #269,Neutral
The report was submitted #30,Neutral
Everything failed my expectations #317,Negative
The package contains accessories #639,Neutral
The product arrived yesterday #326,Neutral
I hated the service #312,Negative
This product is amazing #101,Positive
The account was created #790,Neutral
The movie was boring #159,Negative
I disliked the performance #94,Negative
I would highly recommend this #957,Positive
The food tasted delicious #127,Positive
This product is terrible #311,Negative
The experience was wonderful #295,Positive
The design looks beautiful #734,Positive
I used the app today #439,Neutral
The experience was disappointing #255,Negative
This is the best purchase ever #48,Positive
The app crashes often #601,Negative
I used the app today #880,Neutral
This is the worst purchase ever #291,Negative
The system is running normally #876,Neutral
I am very happy with the purchase #870,Positive
This is the best purchase ever #164,Positive
I would highly recommend this #699,Positive
I am very happy with the purchase #378,Positive
I really enjoyed the service #774,Positive
The experience was wonderful #474,Positive
The quality is very poor #164,Negative
This product is amazing #261,Positive
Delivery was delayed badly #171,Negative
This product is amazing #293,Positive
The package contains accessories #49,Neutral
I really enjoyed the service #265,Positive
Customer support was rude #650,Negative
Customer support was rude #157,Negative
The message was delivered #368,Neutral
I used the app today #416,Neutral
The experience was disappointing #792,Negative
This is the worst purchase ever #13,Negative
The app crashes often #137,Negative
Everything exceeded my expectations #644,Positive
The app works perfectly #464,Positive
The quality is excellent #962,Positive
This product is terrible #439,Negative
The quality is very poor #842,Negative
The food tasted delicious #15,Positive
I would highly recommend this #766,Positive
The design looks outdated #934,Negative
The experience was disappointing #91,Negative
The experience was disappointing #524,Negative
The design looks beautiful #829,Positive
I am unhappy with the purchase #984,Negative
Customer support was helpful #133,Positive
The design looks beautiful #231,Positive
I am very happy with the purchase #110,Positive
The app works perfectly #136,Positive
The event starts tomorrow #925,Neutral
I am very happy with the purchase #342,Positive
The report was submitted #750,Neutral
The report was submitted #112,Neutral
I would never recommend this #127,Negative
This is the worst purchase ever #826,Negative
Everything exceeded my expectations #117,Positive
I really enjoyed the service #630,Positive
The message was delivered #298,Neutral
This product is amazing #677,Positive
The report was submitted #147,Neutral
The food tasted delicious #181,Positive
The account was created #22,Neutral
I would highly recommend this #913,Positive
The meeting was scheduled #234,Neutral
The package contains accessories #458,Neutral
Everything exceeded my expectations #332,Positive
The meeting was scheduled #810,Neutral
Customer support was rude #544,Negative
The event starts tomorrow #27,Neutral
I would highly recommend this #845,Positive
The package contains accessories #278,Neutral
The quality is excellent #284,Positive
The quality is excellent #642,Positive
Everything failed my expectations #558,Negative
I would highly recommend this #95,Positive
The movie was boring #364,Negative
The product arrived yesterday #123,Neutral
The event starts tomorrow #566,Neutral
The meeting was scheduled #489,Neutral
I am unhappy with the purchase #947,Negative
The quality is very poor #198,Negative
Delivery was fast and smooth #963,Positive
The system is running normally #270,Neutral
The payment was processed #520,Neutral
Everything failed my expectations #799,Negative
I really enjoyed the service #399,Positive
The quality is very poor #996,Negative
This product is terrible #145,Negative
The app works perfectly #696,Positive
The product arrived yesterday #975,Neutral
The movie was fantastic #990,Positive
The event starts tomorrow #870,Neutral
This product is terrible #849,Negative
The design looks beautiful #773,Positive
I used the app today #281,Neutral
The quality is very poor #90,Negative
I am very happy with the purchase #896,Positive
I would highly recommend this #698,Positive
I disliked the performance #689,Negative
Everything failed my expectations #420,Negative
The event starts tomorrow #424,Neutral
I would never recommend this #893,Negative
I used the app today #61,Neutral
The app works perfectly #273,Positive
I am very happy with the purchase #290,Positive
The app crashes often #506,Negative
I loved the performance #538,Positive
The app works perfectly #580,Positive
Delivery was fast and smooth #818,Positive
The account was created #957,Neutral
The account was created #482,Neutral
Delivery was delayed badly #880,Negative
The design looks outdated #691,Negative
I disliked the performance #675,Negative
Customer support was helpful #735,Positive
The payment was processed #258,Neutral
I really enjoyed the service #982,Positive
The product arrived yesterday #932,Neutral
The file was uploaded successfully #14,Neutral
Delivery was fast and smooth #608,Positive
The class begins at nine #196,Neutral
The experience was disappointing #770,Negative
Customer support was helpful #886,Positive
Everything exceeded my expectations #304,Positive
Delivery was delayed badly #851,Negative
The account was created #529,Neutral
The experience was wonderful #81,Positive
The account was created #590,Neutral
I hated the service #184,Negative
The app works perfectly #195,Positive
The app crashes often #349,Negative
This is the worst purchase ever #808,Negative
I loved the performance #22,Positive
I really enjoyed the service #885,Positive
Everything exceeded my expectations #108,Positive
I used the app today #344,Neutral
Customer support was helpful #364,Positive
The app crashes often #989,Negative
The meeting was scheduled #919,Neutral
The account was created #815,Neutral
I used the app today #79,Neutral
The food tasted awful #588,Negative
This product is amazing #881,Positive
The report was submitted #433,Neutral
The quality is excellent #892,Positive
The item is available online #560,Neutral
The file was uploaded successfully #15,Neutral
Customer support was helpful #340,Positive
The meeting was scheduled #132,Neutral
The app crashes often #118,Negative
I would never recommend this #479,Negative
I would highly recommend this #640,Positive
I loved the performance #570,Positive
The movie was fantastic #516,Positive
Delivery was fast and smooth #277,Positive
I am unhappy with the purchase #473,Negative
Delivery was delayed badly #949,Negative
The design looks outdated #293,Negative
Customer support was helpful #30,Positive
The file was uploaded successfully #527,Neutral
The report was submitted #186,Neutral
The order number was updated #668,Neutral
The quality is very poor #952,Negative
The report was submitted #836,Neutral
The train arrived on time #670,Neutral
Delivery was fast and smooth #310,Positive
The class begins at nine #459,Neutral
The app crashes often #133,Negative
Everything exceeded my expectations #955,Positive
The food tasted awful #812,Negative
This product is terrible #520,Negative
I am very happy with the purchase #196,Positive
The item is available online #361,Neutral
The experience was wonderful #825,Positive
I disliked the performance #395,Negative
The payment was processed #533,Neutral
The design looks beautiful #67,Positive
I would never recommend this #617,Negative
The quality is very poor #712,Negative
The event starts tomorrow #956,Neutral
The quality is excellent #782,Positive
The movie was boring #716,Negative
The food tasted awful #296,Negative
This product is amazing #204,Positive
The file was uploaded successfully #780,Neutral
The file was uploaded successfully #906,Neutral
The class begins at nine #449,Neutral
I loved the performance #939,Positive
The experience was wonderful #174,Positive
The item is available online #13,Neutral
The system is running normally #378,Neutral
I would highly recommend this #44,Positive
The payment was processed #669,Neutral
The food tasted awful #302,Negative
The food tasted awful #700,Negative
Delivery was delayed badly #877,Negative
The experience was disappointing #422,Negative
The package contains accessories #530,Neutral
The file was uploaded successfully #289,Neutral
The food tasted awful #583,Negative
The product arrived yesterday #494,Neutral
I used the app today #33,Neutral
I loved the performance #83,Positive
The event starts tomorrow #321,Neutral
The system is running normally #675,Neutral
Delivery was delayed badly #667,Negative
I would never recommend this #718,Negative
The movie was boring #337,Negative
I really enjoyed the service #281,Positive
I would never recommend this #380,Negative
The app crashes often #454,Negative
I used the app today #568,Neutral
The message was delivered #762,Neutral
I disliked the performance #985,Negative
The package contains accessories #128,Neutral
The movie was fantastic #973,Positive
I loved the performance #942,Positive
This is the worst purchase ever #285,Negative
This product is amazing #737,Positive
The movie was fantastic #657,Positive
I loved the performance #453,Positive
I am unhappy with the purchase #590,Negative
The package contains accessories #593,Neutral
The meeting was scheduled #804,Neutral
Everything exceeded my expectations #597,Positive
I would never recommend this #672,Negative
I would never recommend this #605,Negative
The account was created #862,Neutral
The product arrived yesterday #528,Neutral
The item is available online #294,Neutral
I would highly recommend this #927,Positive
I am unhappy with the purchase #443,Negative
Everything exceeded my expectations #794,Positive
Everything exceeded my expectations #555,Positive
Everything failed my expectations #959,Negative
The file was uploaded successfully #124,Neutral
I disliked the performance #788,Negative
I used the app today #348,Neutral
The movie was fantastic #7,Positive
The product arrived yesterday #867,Neutral
The package contains accessories #409,Neutral
The design looks outdated #242,Negative
The meeting was scheduled #701,Neutral
This product is amazing #409,Positive
The food tasted delicious #954,Positive
I would never recommend this #928,Negative
The experience was wonderful #46,Positive
I loved the performance #931,Positive
I loved the performance #795,Positive
This is the worst purchase ever #267,Negative
The file was uploaded successfully #575,Neutral
The movie was fantastic #432,Positive
The movie was boring #765,Negative
I am unhappy with the purchase #670,Negative
I am unhappy with the purchase #791,Negative
This is the best purchase ever #245,Positive
This is the worst purchase ever #202,Negative
This product is amazing #702,Positive
Customer support was helpful #643,Positive
The experience was wonderful #888,Positive
The order number was updated #625,Neutral
The app crashes often #859,Negative
The quality is excellent #303,Positive
The meeting was scheduled #786,Neutral
The file was uploaded successfully #603,Neutral
I am very happy with the purchase #721,Positive
I loved the performance #243,Positive
The quality is very poor #645,Negative
The app crashes often #999,Negative
The account was created #153,Neutral
The message was delivered #944,Neutral
The design looks beautiful #241,Positive
I am very happy with the purchase #377,Positive
The system is running normally #501,Neutral
Delivery was fast and smooth #591,Positive
The train arrived on time #844,Neutral
The event starts tomorrow #367,Neutral
I loved the performance #819,Positive
I would highly recommend this #806,Positive
The item is available online #855,Neutral
The experience was wonderful #838,Positive
The app crashes often #536,Negative
I am very happy with the purchase #463,Positive
The event starts tomorrow #881,Neutral
The report was submitted #947,Neutral
The meeting was scheduled #181,Neutral
I am unhappy with the purchase #635,Negative
The food tasted awful #570,Negative
I disliked the performance #346,Negative
The app crashes often #156,Negative
I used the app today #555,Neutral
The meeting was scheduled #316,Neutral
The food tasted awful #141,Negative
I disliked the performance #358,Negative
The order number was updated #386,Neutral
The event starts tomorrow #800,Neutral
The system is running normally #792,Neutral
The account was created #299,Neutral
The meeting was scheduled #267,Neutral
The meeting was scheduled #126,Neutral
The account was created #380,Neutral
The train arrived on time #89,Neutral
Delivery was delayed badly #374,Negative
The order number was updated #187,Neutral
Delivery was delayed badly #32,Negative
The movie was fantastic #715,Positive
Customer support was helpful #33,Positive
The meeting was scheduled #772,Neutral
The experience was wonderful #841,Positive
The design looks beautiful #394,Positive
I loved the performance #937,Positive
I used the app today #814,Neutral
The food tasted delicious #747,Positive
The class begins at nine #569,Neutral
The app crashes often #283,Negative
The item is available online #134,Neutral
The movie was boring #258,Negative
The design looks outdated #353,Negative
I would never recommend this #357,Negative
The app works perfectly #172,Positive
I am very happy with the purchase #972,Positive
The quality is excellent #488,Positive
I am unhappy with the purchase #415,Negative
The report was submitted #938,Neutral
This is the worst purchase ever #552,Negative
This product is terrible #185,Negative
The item is available online #493,Neutral
The quality is very poor #220,Negative
The payment was processed #177,Neutral
The meeting was scheduled #452,Neutral
The experience was disappointing #437,Negative
This product is amazing #438,Positive
I would never recommend this #775,Negative
The design looks outdated #290,Negative
The message was delivered #623,Neutral
The order number was updated #726,Neutral
The experience was wonderful #143,Positive
Everything failed my expectations #616,Negative
The class begins at nine #838,Neutral
The system is running normally #585,Neutral
I really enjoyed the service #180,Positive
The item is available online #848,Neutral
The event starts tomorrow #872,Neutral
The quality is very poor #706,Negative
The design looks outdated #621,Negative
This is the worst purchase ever #113,Negative
The design looks outdated #355,Negative
The meeting was scheduled #374,Neutral
The package contains accessories #700,Neutral
The design looks beautiful #392,Positive
The event starts tomorrow #256,Neutral
The meeting was scheduled #964,Neutral
The food tasted delicious #638,Positive
The experience was disappointing #54,Negative
Delivery was delayed badly #124,Negative
I loved the performance #710,Positive
This product is amazing #458,Positive
The event starts tomorrow #125,Neutral
The app crashes often #68,Negative
I disliked the performance #913,Negative
This product is amazing #776,Positive
The train arrived on time #4,Neutral
The food tasted awful #76,Negative
The food tasted awful #937,Negative
The food tasted awful #648,Negative
The package contains accessories #39,Neutral
I would highly recommend this #145,Positive
The food tasted delicious #958,Positive
The file was uploaded successfully #882,Neutral
The app crashes often #615,Negative
This product is terrible #539,Negative
Customer support was helpful #298,Positive
The app crashes often #951,Negative
I would never recommend this #682,Negative
Delivery was fast and smooth #606,Positive
The item is available online #505,Neutral
The app crashes often #701,Negative
The event starts tomorrow #52,Neutral
The message was delivered #816,Neutral
I am very happy with the purchase #1000,Positive
I disliked the performance #622,Negative
Everything exceeded my expectations #956,Positive
Customer support was rude #529,Negative
The event starts tomorrow #888,Neutral
The food tasted delicious #456,Positive
I would never recommend this #653,Negative
The order number was updated #415,Neutral
I disliked the performance #606,Negative
The event starts tomorrow #564,Neutral
The report was submitted #996,Neutral
The order number was updated #254,Neutral
The experience was wonderful #123,Positive
Everything exceeded my expectations #194,Positive
I am unhappy with the purchase #738,Negative
I am unhappy with the purchase #219,Negative
The account was created #922,Neutral
Customer support was helpful #536,Positive
I am very happy with the purchase #358,Positive
I would never recommend this #848,Negative
I am very happy with the purchase #16,Positive
The account was created #698,Neutral
I loved the performance #208,Positive
Customer support was helpful #576,Positive
Everything exceeded my expectations #686,Positive
The quality is excellent #525,Positive
The payment was processed #164,Neutral
I used the app today #75,Neutral
The system is running normally #833,Neutral
The app crashes often #149,Negative
The event starts tomorrow #86,Neutral
Customer support was helpful #568,Positive
This product is terrible #378,Negative
The account was created #805,Neutral
Delivery was fast and smooth #345,Positive
I disliked the performance #471,Negative
Customer support was helpful #600,Positive
I loved the performance #915,Positive
The class begins at nine #244,Neutral
This is the worst purchase ever #128,Negative
The app crashes often #150,Negative
I loved the performance #704,Positive
The product arrived yesterday #735,Neutral
Customer support was helpful #914,Positive
The food tasted awful #342,Negative
The quality is very poor #531,Negative
The train arrived on time #391,Neutral
The quality is excellent #574,Positive
I am unhappy with the purchase #840,Negative
The item is available online #335,Neutral
The product arrived yesterday #759,Neutral
The account was created #359,Neutral
I am very happy with the purchase #66,Positive
The account was created #620,Neutral
I disliked the performance #254,Negative
Customer support was helpful #319,Positive
The system is running normally #304,Neutral
The payment was processed #614,Neutral
This product is terrible #873,Negative
The experience was disappointing #644,Negative
This product is terrible #974,Negative
The item is available online #277,Neutral
I disliked the performance #969,Negative
I used the app today #207,Neutral
The account was created #336,Neutral
I used the app today #346,Neutral
This product is terrible #847,Negative
The quality is very poor #888,Negative
The experience was wonderful #894,Positive
The experience was wonderful #647,Positive
I hated the service #933,Negative
The item is available online #93,Neutral
The quality is excellent #834,Positive
The report was submitted #795,Neutral
The app works perfectly #895,Positive
The message was delivered #19,Neutral
I used the app today #511,Neutral
The system is running normally #571,Neutral
I loved the performance #496,Positive
This product is terrible #20,Negative
Customer support was helpful #898,Positive
The movie was fantastic #547,Positive
The experience was wonderful #482,Positive
Delivery was fast and smooth #423,Positive
I would never recommend this #692,Negative
The app crashes often #458,Negative
The app crashes often #688,Negative
I hated the service #322,Negative
The experience was wonderful #478,Positive
The food tasted delicious #967,Positive
I hated the service #100,Negative
Customer support was helpful #150,Positive
Everything failed my expectations #795,Negative
Delivery was delayed badly #521,Negative
I would highly recommend this #985,Positive
The product arrived yesterday #980,Neutral
The food tasted awful #262,Negative
The class begins at nine #724,Neutral
The design looks outdated #360,Negative
I loved the performance #77,Positive
Everything failed my expectations #633,Negative
I would never recommend this #35,Negative
The class begins at nine #636,Neutral
The experience was disappointing #98,Negative
I am very happy with the purchase #897,Positive
The product arrived yesterday #173,Neutral
The item is available online #905,Neutral
Delivery was delayed badly #806,Negative
The message was delivered #565,Neutral
The message was delivered #929,Neutral
The item is available online #334,Neutral
I would never recommend this #866,Negative
The message was delivered #25,Neutral
The quality is very poor #719,Negative
The movie was fantastic #634,Positive
The design looks outdated #960,Negative
The movie was boring #746,Negative
The account was created #693,Neutral
The app crashes often #80,Negative
The class begins at nine #158,Neutral
The quality is excellent #366,Positive
The movie was fantastic #151,Positive
Delivery was fast and smooth #9,Positive
I would never recommend this #764,Negative
Delivery was delayed badly #993,Negative
The event starts tomorrow #757,Neutral
The experience was wonderful #553,Positive
The app crashes often #982,Negative
The food tasted awful #276,Negative
The experience was wonderful #807,Positive
The account was created #339,Neutral
I really enjoyed the service #633,Positive
The product arrived yesterday #681,Neutral
The experience was disappointing #945,Negative
The quality is excellent #528,Positive
This product is terrible #736,Negative
I disliked the performance #354,Negative
I am unhappy with the purchase #843,Negative
The experience was wonderful #893,Positive
The meeting was scheduled #598,Neutral
I used the app today #678,Neutral
The movie was boring #453,Negative
The payment was processed #617,Neutral
The train arrived on time #966,Neutral
The message was delivered #685,Neutral
The meeting was scheduled #235,Neutral
The meeting was scheduled #871,Neutral
The movie was boring #442,Negative
This product is amazing #383,Positive
The food tasted awful #42,Negative
The train arrived on time #358,Neutral
I loved the performance #212,Positive
Everything exceeded my expectations #472,Positive
The movie was fantastic #433,Positive
This product is amazing #43,Positive
Customer support was helpful #252,Positive
The experience was wonderful #693,Positive
I would highly recommend this #408,Positive
The account was created #887,Neutral
The design looks outdated #728,Negative
Delivery was fast and smooth #369,Positive
Customer support was helpful #532,Positive
The event starts tomorrow #913,Neutral
I disliked the performance #82,Negative
The class begins at nine #400,Neutral
The food tasted delicious #515,Positive
The system is running normally #713,Neutral
The event starts tomorrow #119,Neutral
The train arrived on time #839,Neutral
I am unhappy with the purchase #542,Negative
The file was uploaded successfully #303,Neutral
The movie was fantastic #968,Positive
The movie was fantastic #103,Positive
The event starts tomorrow #250,Neutral
Everything failed my expectations #931,Negative
I would highly recommend this #653,Positive
Customer support was helpful #275,Positive
Delivery was fast and smooth #272,Positive
The train arrived on time #150,Neutral
The movie was boring #334,Negative
The movie was boring #829,Negative
The train arrived on time #469,Neutral
The file was uploaded successfully #544,Neutral
The food tasted awful #798,Negative
The event starts tomorrow #661,Neutral
The class begins at nine #437,Neutral
I am unhappy with the purchase #3,Negative
The order number was updated #325,Neutral
I am unhappy with the purchase #511,Negative
The meeting was scheduled #667,Neutral
The app works perfectly #492,Positive
I would highly recommend this #224,Positive
The experience was wonderful #755,Positive
The design looks outdated #59,Negative
I really enjoyed the service #260,Positive
The quality is excellent #170,Positive
The order number was updated #425,Neutral
The account was created #743,Neutral
The account was created #606,Neutral
The train arrived on time #441,Neutral
This is the worst purchase ever #943,Negative
The message was delivered #946,Neutral
The product arrived yesterday #48,Neutral
The system is running normally #662,Neutral
The app crashes often #822,Negative
The food tasted awful #260,Negative
The account was created #748,Neutral
The food tasted awful #532,Negative
I disliked the performance #92,Negative
The report was submitted #88,Neutral
Everything failed my expectations #129,Negative
This product is amazing #940,Positive
Delivery was fast and smooth #959,Positive
Everything failed my expectations #861,Negative
The food tasted awful #396,Negative
The item is available online #3,Neutral
This is the worst purchase ever #71,Negative
This is the worst purchase ever #154,Negative
The file was uploaded successfully #192,Neutral
The quality is excellent #584,Positive
I would never recommend this #582,Negative
The design looks outdated #790,Negative
The account was created #997,Neutral
I disliked the performance #151,Negative
The food tasted awful #321,Negative
The experience was wonderful #282,Positive
The app crashes often #73,Negative
This is the best purchase ever #269,Positive
I used the app today #117,Neutral
The item is available online #658,Neutral
Delivery was delayed badly #6,Negative
The product arrived yesterday #338,Neutral
I would highly recommend this #750,Positive
I loved the performance #683,Positive
Delivery was fast and smooth #621,Positive
The design looks outdated #892,Negative
Customer support was rude #261,Negative
The event starts tomorrow #988,Neutral
The experience was disappointing #504,Negative
The report was submitted #894,Neutral
The report was submitted #440,Neutral
Delivery was delayed badly #786,Negative
The app crashes often #474,Negative
Delivery was delayed badly #684,Negative
The product arrived yesterday #714,Neutral
I would never recommend this #908,Negative
The design looks outdated #774,Negative
The design looks beautiful #368,Positive
This product is amazing #991,Positive
The movie was fantastic #381,Positive
The app crashes often #63,Negative
The class begins at nine #314,Neutral
The design looks beautiful #724,Positive
The system is running normally #820,Neutral
The meeting was scheduled #328,Neutral
The product arrived yesterday #936,Neutral
I would never recommend this #783,Negative
The movie was fantastic #602,Positive
The event starts tomorrow #215,Neutral
I disliked the performance #182,Negative
This product is terrible #546,Negative
I really enjoyed the service #733,Positive
The design looks outdated #116,Negative
The design looks outdated #515,Negative
This is the worst purchase ever #695,Negative
The app works perfectly #808,Positive
I loved the performance #314,Positive
I really enjoyed the service #140,Positive
The experience was wonderful #977,Positive
I would never recommend this #58,Negative
The experience was wonderful #221,Positive
The quality is excellent #152,Positive
I loved the performance #254,Positive
Customer support was helpful #860,Positive
The class begins at nine #829,Neutral
The product arrived yesterday #429,Neutral
I hated the service #828,Negative
The event starts tomorrow #422,Neutral
The payment was processed #710,Neutral
The movie was fantastic #447,Positive
The payment was processed #273,Neutral
The quality is very poor #392,Negative
The package contains accessories #246,Neutral
The movie was fantastic #784,Positive
The movie was boring #869,Negative
The product arrived yesterday #1000,Neutral
The file was uploaded successfully #369,Neutral
Customer support was rude #548,Negative
Delivery was fast and smooth #267,Positive
I am very happy with the purchase #741,Positive
I disliked the performance #305,Negative
The design looks beautiful #405,Positive
Everything failed my expectations #333,Negative
I really enjoyed the service #225,Positive
Everything exceeded my expectations #57,Positive
The experience was disappointing #568,Negative
This product is terrible #768,Negative
I hated the service #610,Negative
I would never recommend this #805,Negative
The file was uploaded successfully #72,Neutral
Delivery was fast and smooth #607,Positive
This is the worst purchase ever #986,Negative
The quality is very poor #902,Negative
The movie was boring #844,Negative
The experience was wonderful #993,Positive
The movie was boring #175,Negative
I really enjoyed the service #768,Positive
The message was delivered #2,Neutral
Customer support was rude #883,Negative
I hated the service #115,Negative
I disliked the performance #578,Negative
This product is amazing #306,Positive
This product is amazing #625,Positive
The system is running normally #584,Neutral
Delivery was delayed badly #138,Negative
The experience was disappointing #266,Negative
I would highly recommend this #965,Positive
The meeting was scheduled #650,Neutral
Delivery was fast and smooth #355,Positive
I would highly recommend this #198,Positive
The experience was wonderful #288,Positive
Delivery was fast and smooth #25,Positive
The meeting was scheduled #82,Neutral
I hated the service #769,Negative
I would never recommend this #339,Negative
The train arrived on time #248,Neutral
The train arrived on time #239,Neutral
The design looks beautiful #980,Positive
This product is amazing #513,Positive
The design looks outdated #206,Negative
I disliked the performance #371,Negative
The app works perfectly #754,Positive
The message was delivered #456,Neutral
The report was submitted #924,Neutral
I really enjoyed the service #413,Positive
I am very happy with the purchase #11,Positive
Customer support was helpful #840,Positive
The movie was fantastic #466,Positive
The account was created #752,Neutral
I used the app today #443,Neutral
This product is amazing #200,Positive
The design looks beautiful #278,Positive
The payment was processed #892,Neutral
I hated the service #178,Negative
The report was submitted #137,Neutral
Customer support was helpful #571,Positive
I really enjoyed the service #502,Positive
The order number was updated #563,Neutral
Delivery was fast and smooth #994,Positive
The food tasted delicious #308,Positive
The message was delivered #920,Neutral
The order number was updated #645,Neutral
Everything exceeded my expectations #708,Positive
The experience was disappointing #587,Negative
The event starts tomorrow #453,Neutral
I disliked the performance #585,Negative
The design looks outdated #634,Negative
I used the app today #968,Neutral
The train arrived on time #832,Neutral
I would highly recommend this #213,Positive
Everything failed my expectations #408,Negative
The item is available online #561,Neutral
Customer support was helpful #297,Positive
The message was delivered #484,Neutral
I would highly recommend this #949,Positive
I am unhappy with the purchase #463,Negative
The message was delivered #221,Neutral
The account was created #998,Neutral
The account was created #659,Neutral
The package contains accessories #539,Neutral
Delivery was fast and smooth #756,Positive
The account was created #576,Neutral
I would highly recommend this #793,Positive
The payment was processed #703,Neutral
I disliked the performance #856,Negative
Delivery was delayed badly #687,Negative
This is the worst purchase ever #359,Negative
I used the app today #232,Neutral
The payment was processed #830,Neutral
I hated the service #669,Negative
I am very happy with the purchase #889,Positive
I really enjoyed the service #436,Positive
This is the worst purchase ever #125,Negative
I am unhappy with the purchase #752,Negative
The system is running normally #583,Neutral
This is the worst purchase ever #199,Negative
Delivery was delayed badly #492,Negative
The movie was boring #975,Negative
I would never recommend this #143,Negative
The food tasted delicious #775,Positive
I am very happy with the purchase #422,Positive
Customer support was rude #79,Negative
The design looks outdated #230,Negative
The food tasted delicious #414,Positive
The design looks outdated #782,Negative
The product arrived yesterday #307,Neutral
The experience was wonderful #792,Positive
The package contains accessories #730,Neutral
I would never recommend this #619,Negative
This is the best purchase ever #637,Positive
This product is terrible #369,Negative
I am very happy with the purchase #299,Positive
The train arrived on time #318,Neutral
The meeting was scheduled #78,Neutral
The event starts tomorrow #468,Neutral
The report was submitted #272,Neutral
The system is running normally #784,Neutral
The quality is very poor #110,Negative
This product is amazing #950,Positive
The product arrived yesterday #133,Neutral
The meeting was scheduled #194,Neutral
Customer support was helpful #351,Positive
The experience was disappointing #527,Negative
The meeting was scheduled #948,Neutral
The product arrived yesterday #67,Neutral
This product is terrible #901,Negative
This product is amazing #131,Positive
Everything failed my expectations #69,Negative
The report was submitted #581,Neutral
The message was delivered #200,Neutral
Delivery was fast and smooth #849,Positive
I really enjoyed the service #312,Positive
This product is terrible #491,Negative
Everything exceeded my expectations #232,Positive
Everything failed my expectations #554,Negative
This is the best purchase ever #483,Positive
The event starts tomorrow #310,Neutral
The product arrived yesterday #170,Neutral
The event starts tomorrow #462,Neutral
This is the best purchase ever #493,Positive
I really enjoyed the service #126,Positive
The system is running normally #24,Neutral
Customer support was helpful #961,Positive
The order number was updated #553,Neutral
I hated the service #753,Negative
Customer support was helpful #659,Positive
The movie was boring #225,Negative
The system is running normally #788,Neutral
This product is terrible #270,Negative
The experience was wonderful #561,Positive
The package contains accessories #227,Neutral
The payment was processed #912,Neutral
I disliked the performance #407,Negative
Customer support was rude #929,Negative
The class begins at nine #758,Neutral
The app works perfectly #925,Positive
The report was submitted #615,Neutral
The app crashes often #920,Negative
I am unhappy with the purchase #690,Negative
The class begins at nine #370,Neutral
The experience was wonderful #732,Positive
The file was uploaded successfully #663,Neutral
This product is amazing #444,Positive
The system is running normally #706,Neutral
The app works perfectly #656,Positive
I would highly recommend this #307,Positive
The quality is very poor #551,Negative
I would highly recommend this #836,Positive
The quality is very poor #518,Negative
This product is terrible #328,Negative
I used the app today #451,Neutral
The item is available online #532,Neutral
The message was delivered #886,Neutral
The message was delivered #29,Neutral
The system is running normally #148,Neutral
Everything exceeded my expectations #61,Positive
The message was delivered #445,Neutral
The class begins at nine #347,Neutral
The design looks outdated #702,Negative
The class begins at nine #763,Neutral
The package contains accessories #834,Neutral
The design looks outdated #7,Negative
The package contains accessories #935,Neutral
I loved the performance #329,Positive
The report was submitted #21,Neutral
I loved the performance #270,Positive
The design looks beautiful #58,Positive
The quality is very poor #136,Negative
The item is available online #143,Neutral
This is the best purchase ever #388,Positive
The message was delivered #751,Neutral
This product is terrible #922,Negative
This product is terrible #903,Negative
I am unhappy with the purchase #493,Negative
The event starts tomorrow #438,Neutral
Delivery was fast and smooth #401,Positive
The order number was updated #471,Neutral
This is the worst purchase ever #584,Negative
The app works perfectly #26,Positive
The food tasted delicious #590,Positive
The train arrived on time #81,Neutral
Customer support was rude #825,Negative
I would highly recommend this #162,Positive
The payment was processed #76,Neutral
The movie was fantastic #425,Positive
The design looks outdated #386,Negative
Customer support was helpful #682,Positive
This is the worst purchase ever #858,Negative
The food tasted delicious #636,Positive
I would never recommend this #900,Negative
The account was created #858,Neutral
Delivery was fast and smooth #504,Positive
Customer support was helpful #685,Positive
Delivery was delayed badly #370,Negative
The experience was disappointing #329,Negative
I am very happy with the purchase #587,Positive
The payment was processed #949,Neutral
The food tasted delicious #398,Positive
The package contains accessories #69,Neutral
The product arrived yesterday #286,Neutral
The meeting was scheduled #213,Neutral
The food tasted awful #772,Negative
I loved the performance #624,Positive
Delivery was delayed badly #942,Negative
The app crashes often #512,Negative
Delivery was delayed badly #163,Negative
The report was submitted #699,Neutral
The meeting was scheduled #741,Neutral
This product is amazing #843,Positive
I loved the performance #603,Positive
The file was uploaded successfully #600,Neutral
The file was uploaded successfully #801,Neutral
The movie was boring #177,Negative
The movie was boring #379,Negative
The payment was processed #390,Neutral
I really enjoyed the service #844,Positive
The food tasted delicious #539,Positive
The app crashes often #348,Negative
I hated the service #341,Negative
I would highly recommend this #353,Positive
The quality is excellent #250,Positive
The report was submitted #108,Neutral
The event starts tomorrow #552,Neutral
This is the worst purchase ever #679,Negative
The meeting was scheduled #35,Neutral
The experience was wonderful #330,Positive
The account was created #191,Neutral
The message was delivered #454,Neutral
I would highly recommend this #239,Positive
Customer support was rude #456,Negative
I hated the service #72,Negative
The product arrived yesterday #154,Neutral
I would never recommend this #87,Negative
The class begins at nine #102,Neutral
I would highly recommend this #933,Positive
The experience was disappointing #432,Negative
I hated the service #725,Negative
I hated the service #561,Negative
This is the best purchase ever #713,Positive
The package contains accessories #857,Neutral
The design looks outdated #88,Negative
The food tasted awful #992,Negative
The design looks beautiful #857,Positive
I would highly recommend this #205,Positive
This is the worst purchase ever #30,Negative
The quality is very poor #287,Negative
The product arrived yesterday #725,Neutral
The system is running normally #631,Neutral
The design looks outdated #860,Negative
The message was delivered #118,Neutral
The meeting was scheduled #579,Neutral
The payment was processed #151,Neutral
The message was delivered #602,Neutral
The order number was updated #737,Neutral
The design looks outdated #327,Negative
The quality is very poor #167,Negative
This is the best purchase ever #952,Positive
This is the worst purchase ever #22,Negative
This is the worst purchase ever #284,Negative
The app works perfectly #499,Positive
I loved the performance #635,Positive
The app works perfectly #2,Positive
Delivery was fast and smooth #506,Positive
The class begins at nine #952,Neutral
The food tasted awful #911,Negative
I am very happy with the purchase #763,Positive
The food tasted awful #543,Negative
Everything exceeded my expectations #535,Positive
The experience was wonderful #109,Positive
Delivery was delayed badly #67,Negative
The train arrived on time #300,Neutral
I loved the performance #517,Positive
The account was created #728,Neutral
I loved the performance #296,Positive
Customer support was rude #731,Negative
Customer support was rude #231,Negative
This product is amazing #858,Positive
The meeting was scheduled #883,Neutral
The design looks beautiful #305,Positive
The message was delivered #74,Neutral
The item is available online #204,Neutral
The design looks outdated #602,Negative
The event starts tomorrow #589,Neutral
The design looks beautiful #327,Positive
The experience was disappointing #208,Negative
Everything failed my expectations #717,Negative
The quality is excellent #415,Positive
Everything exceeded my expectations #385,Positive
The meeting was scheduled #479,Neutral
The meeting was scheduled #172,Neutral
The order number was updated #444,Neutral
Customer support was rude #303,Negative
Customer support was helpful #979,Positive
The design looks beautiful #595,Positive
The design looks beautiful #649,Positive
The report was submitted #319,Neutral
The payment was processed #605,Neutral
The class begins at nine #619,Neutral
This is the best purchase ever #575,Positive
I am very happy with the purchase #118,Positive
I am very happy with the purchase #146,Positive
This product is amazing #445,Positive
The class begins at nine #176,Neutral
The quality is very poor #352,Negative
I am unhappy with the purchase #9,Negative
Everything failed my expectations #57,Negative
The movie was fantastic #987,Positive
The experience was disappointing #671,Negative
This is the worst purchase ever #804,Negative
This product is amazing #551,Positive
The movie was fantastic #220,Positive
The package contains accessories #305,Neutral
The package contains accessories #47,Neutral
The quality is very poor #882,Negative
Delivery was fast and smooth #280,Positive
The movie was fantastic #292,Positive
The account was created #865,Neutral
I hated the service #332,Negative
Everything failed my expectations #188,Negative
This is the worst purchase ever #25,Negative
Delivery was delayed badly #586,Negative
The report was submitted #909,Neutral
The experience was disappointing #191,Negative
This product is amazing #654,Positive
This product is terrible #51,Negative
This is the best purchase ever #32,Positive
I loved the performance #187,Positive
I would highly recommend this #929,Positive
I would highly recommend this #70,Positive
Delivery was fast and smooth #848,Positive
The event starts tomorrow #481,Neutral
I would never recommend this #112,Negative
I am unhappy with the purchase #508,Negative
The train arrived on time #472,Neutral
The system is running normally #628,Neutral
Everything exceeded my expectations #175,Positive
I hated the service #320,Negative
Everything exceeded my expectations #361,Positive
The food tasted awful #482,Negative
The report was submitted #301,Neutral
The message was delivered #135,Neutral
The product arrived yesterday #362,Neutral
The class begins at nine #542,Neutral
I am unhappy with the purchase #935,Negative
The food tasted awful #559,Negative
The movie was boring #441,Negative
The experience was wonderful #945,Positive
Everything exceeded my expectations #357,Positive
The food tasted delicious #728,Positive
Delivery was fast and smooth #246,Positive
The design looks beautiful #201,Positive
I would never recommend this #263,Negative
The food tasted awful #142,Negative
Customer support was helpful #569,Positive
The experience was disappointing #435,Negative
Customer support was helpful #891,Positive
This product is terrible #235,Negative
The meeting was scheduled #12,Neutral
The experience was disappointing #886,Negative
I really enjoyed the service #437,Positive
Delivery was fast and smooth #420,Positive
Everything failed my expectations #541,Negative
I would never recommend this #780,Negative
The food tasted awful #438,Negative
The app works perfectly #349,Positive
The food tasted delicious #833,Positive
The experience was disappointing #837,Negative
I disliked the performance #991,Negative
The class begins at nine #280,Neutral
The app crashes often #629,Negative
The file was uploaded successfully #455,Neutral
The message was delivered #202,Neutral
The design looks outdated #995,Negative
The meeting was scheduled #446,Neutral
This is the worst purchase ever #12,Negative
Delivery was delayed badly #708,Negative
The quality is very poor #572,Negative
This is the best purchase ever #828,Positive
The food tasted delicious #92,Positive
This is the best purchase ever #460,Positive
The message was delivered #466,Neutral
The item is available online #963,Neutral
The design looks outdated #807,Negative
The system is running normally #720,Neutral
The item is available online #794,Neutral
The product arrived yesterday #755,Neutral
The item is available online #375,Neutral
The order number was updated #410,Neutral
The message was delivered #582,Neutral
The movie was fantastic #758,Positive
Customer support was helpful #912,Positive
The app crashes often #240,Negative
I hated the service #720,Negative
The movie was boring #271,Negative
Customer support was rude #640,Negative
I loved the performance #396,Positive
This is the best purchase ever #142,Positive
I hated the service #335,Negative
I loved the performance #650,Positive
The app works perfectly #944,Positive
This is the worst purchase ever #108,Negative
The payment was processed #627,Neutral
I am very happy with the purchase #616,Positive
I hated the service #272,Negative
The payment was processed #486,Neutral
This is the best purchase ever #251,Positive
The event starts tomorrow #275,Neutral
The food tasted awful #36,Negative
I used the app today #169,Neutral
The experience was wonderful #386,Positive
The design looks outdated #448,Negative
The train arrived on time #353,Neutral
The experience was wonderful #612,Positive
The payment was processed #903,Neutral
I am unhappy with the purchase #612,Negative
This product is terrible #533,Negative
Delivery was fast and smooth #238,Positive
I used the app today #866,Neutral
The app crashes often #927,Negative
I used the app today #973,Neutral
The account was created #689,Neutral
The quality is very poor #307,Negative
The product arrived yesterday #993,Neutral
The product arrived yesterday #986,Neutral
This is the best purchase ever #411,Positive
I used the app today #572,Neutral
The train arrived on time #94,Neutral
The message was delivered #168,Neutral
The food tasted delicious #289,Positive
The class begins at nine #463,Neutral
I am unhappy with the purchase #730,Negative
The system is running normally #104,Neutral
Customer support was helpful #337,Positive
The experience was wonderful #632,Positive
This is the worst purchase ever #503,Negative
The app crashes often #40,Negative
Customer support was rude #978,Negative
The quality is very poor #814,Negative
The experience was disappointing #264,Negative
This product is terrible #771,Negative
The train arrived on time #199,Neutral
The food tasted awful #865,Negative
The payment was processed #733,Neutral
Everything exceeded my expectations #697,Positive
The order number was updated #902,Neutral
Customer support was helpful #646,Positive
This product is amazing #554,Positive
The system is running normally #694,Neutral
The train arrived on time #521,Neutral
Customer support was helpful #1,Positive
The experience was disappointing #152,Negative
I used the app today #337,Neutral
The package contains accessories #736,Neutral
This product is amazing #767,Positive
I am very happy with the purchase #153,Positive
The meeting was scheduled #343,Neutral
The app works perfectly #641,Positive
The product arrived yesterday #87,Neutral
The quality is excellent #951,Positive
Delivery was delayed badly #402,Negative
Delivery was fast and smooth #491,Positive
The app crashes often #538,Negative
Customer support was rude #39,Negative
Customer support was rude #663,Negative
The movie was fantastic #346,Positive
Delivery was fast and smooth #197,Positive
Delivery was delayed badly #950,Negative
I hated the service #638,Negative
The meeting was scheduled #402,Neutral
The design looks outdated #857,Negative
The item is available online #320,Neutral
The account was created #38,Neutral
The movie was boring #461,Negative
The system is running normally #396,Neutral
Everything failed my expectations #966,Negative
I disliked the performance #221,Negative
I used the app today #175,Neutral
The payment was processed #611,Neutral
I would highly recommend this #827,Positive
The train arrived on time #756,Neutral
I really enjoyed the service #932,Positive
This is the worst purchase ever #896,Negative
The file was uploaded successfully #44,Neutral
I would highly recommend this #331,Positive
I disliked the performance #299,Negative
I loved the performance #796,Positive
The payment was processed #226,Neutral
Customer support was rude #938,Negative
I am very happy with the purchase #878,Positive
Everything failed my expectations #598,Negative
The file was uploaded successfully #293,Neutral
This is the worst purchase ever #762,Negative
I really enjoyed the service #199,Positive
Everything exceeded my expectations #831,Positive
The payment was processed #686,Neutral
The experience was disappointing #70,Negative
The design looks beautiful #928,Positive
I really enjoyed the service #19,Positive
The quality is very poor #698,Negative
This is the worst purchase ever #367,Negative
I loved the performance #237,Positive
The report was submitted #657,Neutral
The class begins at nine #259,Neutral
This product is terrible #173,Negative
The food tasted delicious #186,Positive
The payment was processed #100,Neutral
I loved the performance #869,Positive
The design looks outdated #597,Negative
The item is available online #761,Neutral
I am unhappy with the purchase #674,Negative
The quality is excellent #777,Positive
The event starts tomorrow #131,Neutral
This is the worst purchase ever #680,Negative
The payment was processed #379,Neutral
The quality is very poor #193,Negative
Everything exceeded my expectations #824,Positive
The experience was wonderful #700,Positive
This is the best purchase ever #687,Positive
The movie was boring #941,Negative
The message was delivered #414,Neutral
The meeting was scheduled #381,Neutral
The file was uploaded successfully #37,Neutral
The report was submitted #638,Neutral
I would highly recommend this #226,Positive
The system is running normally #613,Neutral
I am unhappy with the purchase #656,Negative
The system is running normally #297,Neutral
This product is terrible #425,Negative
The meeting was scheduled #245,Neutral
I really enjoyed the service #655,Positive
The report was submitted #688,Neutral
The design looks outdated #600,Negative
The quality is very poor #510,Negative
The quality is excellent #926,Positive
The order number was updated #545,Neutral
Customer support was rude #111,Negative
I am very happy with the purchase #80,Positive
I hated the service #499,Negative
I would never recommend this #749,Negative
The design looks beautiful #938,Positive
The system is running normally #721,Neutral
Delivery was fast and smooth #97,Positive
The app works perfectly #620,Positive
I am unhappy with the purchase #21,Negative
The movie was fantastic #749,Positive
The movie was fantastic #920,Positive
The account was created #68,Neutral
The product arrived yesterday #397,Neutral
Delivery was fast and smooth #578,Positive
The report was submitted #899,Neutral
Everything exceeded my expectations #703,Positive
The system is running normally #141,Neutral
I loved the performance #326,Positive
The app works perfectly #679,Positive
This product is terrible #236,Negative
The product arrived yesterday #140,Neutral
Everything failed my expectations #217,Negative
I am unhappy with the purchase #818,Negative
The app works perfectly #861,Positive
The app crashes often #343,Negative
The movie was fantastic #717,Positive
The design looks beautiful #666,Positive
The food tasted awful #906,Negative
The order number was updated #395,Neutral
Customer support was rude #253,Negative
I used the app today #178,Neutral
I am unhappy with the purchase #983,Negative
The system is running normally #182,Neutral
I used the app today #464,Neutral
The quality is excellent #76,Positive
The train arrived on time #488,Neutral
The class begins at nine #483,Neutral
The event starts tomorrow #959,Neutral
This is the worst purchase ever #754,Negative
I really enjoyed the service #681,Positive
Delivery was delayed badly #830,Negative
The quality is excellent #935,Positive
The file was uploaded successfully #98,Neutral
I hated the service #419,Negative
Customer support was rude #964,Negative
The quality is excellent #139,Positive
Everything failed my expectations #580,Negative
I would never recommend this #410,Negative
The experience was disappointing #797,Negative
Customer support was rude #887,Negative
I loved the performance #988,Positive
This is the best purchase ever #572,Positive
This product is terrible #436,Negative
The design looks outdated #637,Negative
The app works perfectly #94,Positive
The design looks outdated #10,Negative
This is the worst purchase ever #944,Negative
This is the worst purchase ever #120,Negative
The event starts tomorrow #509,Neutral
Everything exceeded my expectations #788,Positive
This product is amazing #179,Positive
The design looks beautiful #258,Positive
This product is terrible #244,Negative
The movie was boring #495,Negative
The food tasted awful #46,Negative
The class begins at nine #818,Neutral
The train arrived on time #916,Neutral
The item is available online #295,Neutral
I really enjoyed the service #917,Positive
The design looks beautiful #125,Positive
The movie was fantastic #257,Positive
I would highly recommend this #74,Positive
The food tasted awful #898,Negative
I would never recommend this #594,Negative
The event starts tomorrow #146,Neutral
The movie was boring #257,Negative
I really enjoyed the service #230,Positive
I disliked the performance #18,Negative
The food tasted delicious #98,Positive
This product is amazing #363,Positive
I really enjoyed the service #177,Positive
The payment was processed #401,Neutral
This product is amazing #661,Positive
Everything failed my expectations #963,Negative
I would highly recommend this #165,Positive
This product is amazing #227,Positive
I disliked the performance #298,Negative
The file was uploaded successfully #201,Neutral
The item is available online #557,Neutral
The file was uploaded successfully #7,Neutral
The quality is excellent #391,Positive
I would never recommend this #874,Negative
The experience was wonderful #223,Positive
Customer support was helpful #908,Positive
The payment was processed #634,Neutral
Customer support was helpful #850,Positive
The message was delivered #63,Neutral
Everything exceeded my expectations #846,Positive
The item is available online #573,Neutral
This is the worst purchase ever #502,Negative
I loved the performance #563,Positive
The design looks beautiful #17,Positive
The experience was wonderful #711,Positive
I used the app today #120,Neutral
The class begins at nine #682,Neutral
The app works perfectly #34,Positive
Customer support was helpful #412,Positive
The order number was updated #252,Neutral
The train arrived on time #160,Neutral
The design looks outdated #74,Negative
I hated the service #636,Negative
The meeting was scheduled #550,Neutral
I would never recommend this #710,Negative
The order number was updated #594,Neutral
The account was created #549,Neutral
I would highly recommend this #964,Positive
The meeting was scheduled #261,Neutral
The class begins at nine #890,Neutral
This product is terrible #1,Negative
I really enjoyed the service #106,Positive
Delivery was fast and smooth #468,Positive
Customer support was rude #440,Negative
This product is amazing #989,Positive
Delivery was fast and smooth #692,Positive
This is the best purchase ever #610,Positive
This is the best purchase ever #716,Positive
The food tasted delicious #533,Positive
The app crashes often #50,Negative
The product arrived yesterday #921,Neutral
The experience was disappointing #451,Negative
I am unhappy with the purchase #344,Negative
The account was created #868,Neutral
I used the app today #731,Neutral
This is the best purchase ever #93,Positive
The quality is excellent #729,Positive
The product arrived yesterday #526,Neutral
The quality is very poor #722,Negative
The item is available online #419,Neutral
The system is running normally #656,Neutral
The file was uploaded successfully #418,Neutral
The movie was fantastic #874,Positive
The experience was wonderful #256,Positive
The product arrived yesterday #189,Neutral
This product is terrible #574,Negative
This is the worst purchase ever #308,Negative
I used the app today #306,Neutral
I disliked the performance #17,Negative
The app crashes often #48,Negative
The experience was wonderful #743,Positive
The event starts tomorrow #20,Neutral
I am unhappy with the purchase #657,Negative
The quality is excellent #662,Positive
This is the worst purchase ever #238,Negative
I would never recommend this #279,Negative
I would highly recommend this #79,Positive
The experience was wonderful #372,Positive
This is the best purchase ever #552,Positive
The movie was boring #976,Negative
The product arrived yesterday #825,Neutral
The package contains accessories #653,Neutral
The package contains accessories #413,Neutral
Customer support was rude #187,Negative
I loved the performance #905,Positive
Everything exceeded my expectations #209,Positive
Delivery was delayed badly #831,Negative
The meeting was scheduled #923,Neutral
I disliked the performance #192,Negative
This is the worst purchase ever #741,Negative
The food tasted delicious #12,Positive
The design looks beautiful #523,Positive
The app works perfectly #922,Positive
I disliked the performance #962,Negative
This product is amazing #323,Positive
The report was submitted #197,Neutral
The food tasted delicious #762,Positive
The quality is very poor #817,Negative
The product arrived yesterday #978,Neutral
The report was submitted #109,Neutral
The file was uploaded successfully #683,Neutral
The quality is very poor #365,Negative
The quality is excellent #96,Positive
I used the app today #180,Neutral
Customer support was helpful #872,Positive
Delivery was delayed badly #802,Negative
I used the app today #671,Neutral
I really enjoyed the service #549,Positive
The movie was boring #980,Negative
The product arrived yesterday #955,Neutral
Delivery was delayed badly #787,Negative
The design looks beautiful #486,Positive
The experience was disappointing #447,Negative
I disliked the performance #547,Negative
This is the best purchase ever #757,Positive
The design looks outdated #705,Negative
The food tasted awful #423,Negative
The package contains accessories #983,Neutral
Customer support was helpful #789,Positive
The item is available online #130,Neutral
I would highly recommend this #352,Positive
I disliked the performance #715,Negative
I would never recommend this #592,Negative
I would never recommend this #759,Negative
I hated the service #824,Negative
I would highly recommend this #577,Positive
I am very happy with the purchase #601,Positive
The message was delivered #607,Neutral
The design looks beautiful #761,Positive
The account was created #41,Neutral
The movie was fantastic #20,Positive
The experience was disappointing #523,Negative
The class begins at nine #578,Neutral
I would highly recommend this #971,Positive
The train arrived on time #99,Neutral
This product is amazing #903,Positive
The train arrived on time #349,Neutral
The product arrived yesterday #329,Neutral
The system is running normally #928,Neutral
The movie was boring #413,Negative
The report was submitted #994,Neutral
The class begins at nine #266,Neutral
This product is amazing #371,Positive
This product is amazing #906,Positive
I really enjoyed the service #159,Positive
The meeting was scheduled #717,Neutral
The experience was wonderful #742,Positive
I hated the service #27,Negative
Customer support was rude #16,Negative
The movie was boring #168,Negative
I really enjoyed the service #854,Positive
Delivery was fast and smooth #615,Positive
The file was uploaded successfully #940,Neutral
I really enjoyed the service #690,Positive
I really enjoyed the service #88,Positive
I would highly recommend this #851,Positive
Customer support was rude #387,Negative
The file was uploaded successfully #796,Neutral
The class begins at nine #654,Neutral
The app works perfectly #727,Positive
Everything exceeded my expectations #283,Positive
Delivery was fast and smooth #335,Positive
The class begins at nine #942,Neutral
The food tasted awful #31,Negative
The report was submitted #290,Neutral
The quality is excellent #334,Positive
This product is terrible #703,Negative
I would highly recommend this #617,Positive
The food tasted awful #525,Negative
The design looks beautiful #879,Positive
This is the best purchase ever #689,Positive
The payment was processed #769,Neutral
The item is available online #16,Neutral
This is the best purchase ever #424,Positive
Everything exceeded my expectations #35,Positive
The food tasted delicious #183,Positive
Customer support was helpful #565,Positive
This product is amazing #817,Positive
I would never recommend this #336,Negative
The class begins at nine #642,Neutral
I would never recommend this #200,Negative
The experience was wonderful #141,Positive
This product is amazing #467,Positive
The class begins at nine #17,Neutral
The food tasted delicious #498,Positive
The experience was wonderful #907,Positive
The system is running normally #551,Neutral
The message was delivered #139,Neutral
Everything failed my expectations #755,Negative
The quality is excellent #309,Positive
This is the best purchase ever #171,Positive
The experience was disappointing #97,Negative
The message was delivered #113,Neutral
This product is terrible #324,Negative
The app crashes often #630,Negative
The app crashes often #107,Negative
The class begins at nine #727,Neutral
This product is amazing #701,Positive
The quality is excellent #400,Positive
Customer support was rude #918,Negative
Customer support was helpful #147,Positive
I am very happy with the purchase #431,Positive
The class begins at nine #274,Neutral
I would never recommend this #245,Negative
I disliked the performance #464,Negative
The event starts tomorrow #223,Neutral
The quality is very poor #841,Negative
I disliked the performance #144,Negative
I am very happy with the purchase #726,Positive
This product is terrible #475,Negative
The food tasted awful #197,Negative
The order number was updated #764,Neutral
The payment was processed #754,Neutral
Everything failed my expectations #139,Negative
The meeting was scheduled #859,Neutral
This is the worst purchase ever #375,Negative
Delivery was delayed badly #677,Negative
Customer support was rude #608,Negative
This is the worst purchase ever #734,Negative
The train arrived on time #823,Neutral
The product arrived yesterday #711,Neutral
The event starts tomorrow #864,Neutral
The order number was updated #436,Neutral
I am unhappy with the purchase #56,Negative
The movie was boring #965,Negative
The train arrived on time #331,Neutral
The movie was boring #121,Negative
The account was created #50,Neutral
The app crashes often #14,Negative
The app works perfectly #785,Positive
The design looks beautiful #158,Positive
The item is available online #55,Neutral
The movie was fantastic #936,Positive
Customer support was rude #864,Negative
The food tasted delicious #934,Positive
The file was uploaded successfully #42,Neutral
The event starts tomorrow #233,Neutral
I really enjoyed the service #279,Positive
The report was submitted #852,Neutral
The experience was disappointing #801,Negative
I would highly recommend this #673,Positive
I disliked the performance #854,Negative
The class begins at nine #171,Neutral
This product is terrible #131,Negative
The product arrived yesterday #981,Neutral
The design looks beautiful #457,Positive
The account was created #260,Neutral
The design looks outdated #469,Negative
The train arrived on time #846,Neutral
The design looks outdated #83,Negative
The food tasted delicious #382,Positive
The event starts tomorrow #827,Neutral
Everything failed my expectations #709,Negative
I disliked the performance #223,Negative
Customer support was helpful #871,Positive
The design looks outdated #639,Negative
The package contains accessories #609,Neutral
Delivery was delayed badly #707,Negative
The train arrived on time #596,Neutral
This product is amazing #45,Positive
The meeting was scheduled #716,Neutral
I disliked the performance #987,Negative
Customer support was rude #189,Negative
The train arrived on time #776,Neutral
The app works perfectly #579,Positive
I disliked the performance #306,Negative
The order number was updated #647,Neutral
The experience was disappointing #147,Negative
The payment was processed #228,Neutral
Everything exceeded my expectations #582,Positive
The movie was boring #43,Negative
The design looks outdated #628,Negative
The report was submitted #51,Neutral
I am very happy with the purchase #51,Positive
The movie was fantastic #562,Positive
The file was uploaded successfully #775,Neutral
The movie was boring #65,Negative
The system is running normally #474,Neutral
The payment was processed #340,Neutral
I am very happy with the purchase #190,Positive
The report was submitted #392,Neutral
The message was delivered #504,Neutral
The design looks beautiful #512,Positive
The item is available online #357,Neutral
The design looks outdated #618,Negative
I disliked the performance #809,Negative
The design looks beautiful #813,Positive
I hated the service #800,Negative
The app crashes often #417,Negative
The design looks outdated #281,Negative
I loved the performance #287,Positive
The experience was wonderful #520,Positive
The movie was fantastic #429,Positive
This product is amazing #974,Positive
I would highly recommend this #188,Positive
This product is terrible #216,Negative
The message was delivered #624,Neutral
The system is running normally #302,Neutral
This is the best purchase ever #519,Positive
I disliked the performance #507,Negative
The experience was wonderful #740,Positive
Customer support was helpful #663,Positive
I used the app today #212,Neutral
I hated the service #881,Negative
The food tasted delicious #348,Positive
The app works perfectly #670,Positive
The package contains accessories #40,Neutral
This is the worst purchase ever #607,Negative
The account was created #287,Neutral
The file was uploaded successfully #476,Neutral
The experience was disappointing #277,Negative
The item is available online #247,Neutral
The design looks outdated #114,Negative
Delivery was fast and smooth #191,Positive
The report was submitted #723,Neutral
The movie was fantastic #393,Positive
I am very happy with the purchase #155,Positive
Everything exceeded my expectations #286,Positive
This is the worst purchase ever #241,Negative
I am very happy with the purchase #449,Positive
Delivery was delayed badly #832,Negative
This product is terrible #37,Negative
The report was submitted #749,Neutral
The file was uploaded successfully #492,Neutral
I loved the performance #883,Positive
The train arrived on time #46,Neutral
The experience was disappointing #535,Negative
The food tasted delicious #718,Positive
The event starts tomorrow #708,Neutral
The food tasted awful #179,Negative
The app works perfectly #365,Positive
I would highly recommend this #184,Positive
I loved the performance #760,Positive
I used the app today #317,Neutral
The app works perfectly #529,Positive
I really enjoyed the service #852,Positive
The design looks beautiful #746,Positive
I hated the service #820,Negative
I used the app today #351,Neutral
The app crashes often #631,Negative
The experience was disappointing #750,Negative
The meeting was scheduled #243,Neutral
The app crashes often #368,Negative
The movie was fantastic #559,Positive
The train arrived on time #435,Neutral
The design looks beautiful #137,Positive
The package contains accessories #785,Neutral
The report was submitted #238,Neutral
This product is terrible #921,Negative
I used the app today #822,Neutral
The order number was updated #373,Neutral
The order number was updated #863,Neutral
The file was uploaded successfully #586,Neutral
I disliked the performance #207,Negative
Customer support was rude #958,Negative
I am very happy with the purchase #4,Positive
The app works perfectly #992,Positive
The class begins at nine #203,Neutral
The file was uploaded successfully #618,Neutral
The app works perfectly #667,Positive
The movie was fantastic #714,Positive
Delivery was fast and smooth #865,Positive
The class begins at nine #541,Neutral
The order number was updated #970,Neutral
I would highly recommend this #397,Positive
The meeting was scheduled #394,Neutral
This product is amazing #129,Positive
The account was created #633,Neutral
I hated the service #234,Negative
Delivery was delayed badly #534,Negative
I am very happy with the purchase #244,Positive
The design looks outdated #203,Negative
I disliked the performance #497,Negative
I am very happy with the purchase #229,Positive
The app crashes often #338,Negative
Delivery was delayed badly #516,Negative
The message was delivered #231,Neutral
The app works perfectly #114,Positive
I am very happy with the purchase #855,Positive
The experience was disappointing #970,Negative
The product arrived yesterday #967,Neutral
The experience was wonderful #214,Positive
Delivery was delayed badly #155,Negative
The meeting was scheduled #644,Neutral
The app crashes often #575,Negative
Delivery was fast and smooth #407,Positive
Delivery was fast and smooth #593,Positive
I used the app today #570,Neutral
The class begins at nine #914,Neutral
The quality is very poor #45,Negative
The quality is very poor #106,Negative
This product is amazing #543,Positive
The payment was processed #188,Neutral
The file was uploaded successfully #597,Neutral
This is the worst purchase ever #472,Negative
I am very happy with the purchase #864,Positive
The product arrived yesterday #856,Neutral
The product arrived yesterday #958,Neutral
Customer support was helpful #36,Positive
Delivery was fast and smooth #111,Positive
The file was uploaded successfully #477,Neutral
I am very happy with the purchase #476,Positive
I am very happy with the purchase #521,Positive
I would highly recommend this #753,Positive
The message was delivered #502,Neutral
Everything exceeded my expectations #589,Positive
I would highly recommend this #592,Positive
I used the app today #672,Neutral
The package contains accessories #491,Neutral
The message was delivered #877,Neutral
This product is amazing #113,Positive
The design looks outdated #973,Negative
I am very happy with the purchase #71,Positive
The class begins at nine #779,Neutral
The meeting was scheduled #77,Neutral
Everything failed my expectations #483,Negative
This is the worst purchase ever #876,Negative
The design looks outdated #256,Negative
The quality is excellent #997,Positive
The design looks beautiful #302,Positive
The movie was fantastic #40,Positive
I would never recommend this #186,Negative
The app works perfectly #259,Positive
Customer support was helpful #511,Positive
The item is available online #107,Neutral
This product is terrible #409,Negative
The experience was disappointing #977,Negative
The experience was wonderful #27,Positive
The movie was fantastic #820,Positive
The event starts tomorrow #210,Neutral
The message was delivered #652,Neutral
Customer support was rude #427,Negative
Everything exceeded my expectations #786,Positive
The food tasted awful #778,Negative
The meeting was scheduled #411,Neutral
The package contains accessories #8,Neutral
I used the app today #587,Neutral
The report was submitted #991,Neutral
I really enjoyed the service #65,Positive
The food tasted delicious #866,Positive
This product is terrible #697,Negative
The order number was updated #835,Neutral
The app works perfectly #336,Positive
The food tasted delicious #691,Positive
The order number was updated #91,Neutral
The meeting was scheduled #427,Neutral
The report was submitted #496,Neutral
The payment was processed #237,Neutral
The design looks beautiful #738,Positive
This product is terrible #744,Negative
I am very happy with the purchase #313,Positive
This is the best purchase ever #430,Positive
This product is amazing #318,Positive
The app works perfectly #904,Positive
The system is running normally #632,Neutral
The event starts tomorrow #461,Neutral
The quality is excellent #107,Positive
I disliked the performance #723,Negative
I disliked the performance #430,Negative
The product arrived yesterday #450,Neutral
Customer support was helpful #822,Positive
The class begins at nine #934,Neutral
I loved the performance #725,Positive
Customer support was rude #673,Negative
The food tasted awful #763,Negative
The food tasted awful #101,Negative
The package contains accessories #554,Neutral
This product is terrible #416,Negative
The app crashes often #215,Negative
I really enjoyed the service #639,Positive
The design looks outdated #713,Negative
The file was uploaded successfully #851,Neutral
Customer support was rude #470,Negative
This product is terrible #604,Negative
I disliked the performance #979,Negative
I used the app today #660,Neutral
The experience was wonderful #695,Positive
The package contains accessories #34,Neutral
The message was delivered #23,Neutral
I disliked the performance #793,Negative
The system is running normally #630,Neutral
I loved the performance #665,Positive
Everything exceeded my expectations #417,Positive
The class begins at nine #797,Neutral
This is the worst purchase ever #239,Negative
The experience was disappointing #229,Negative
The order number was updated #322,Neutral
This is the best purchase ever #428,Positive
I would never recommend this #528,Negative
I really enjoyed the service #545,Positive
The movie was boring #201,Negative
The app crashes often #652,Negative
The food tasted awful #251,Negative
The design looks beautiful #744,Positive
Customer support was rude #994,Negative
Delivery was delayed badly #870,Negative
The quality is excellent #627,Positive
The meeting was scheduled #900,Neutral
The design looks beautiful #619,Positive
The train arrived on time #218,Neutral
Everything exceeded my expectations #585,Positive
The order number was updated #408,Neutral
I would never recommend this #711,Negative
I really enjoyed the service #274,Positive
I am very happy with the purchase #867,Positive
The design looks beautiful #966,Positive
Delivery was fast and smooth #678,Positive
The meeting was scheduled #524,Neutral
The item is available online #184,Neutral
The food tasted delicious #475,Positive
The order number was updated #783,Neutral
I really enjoyed the service #119,Positive
The message was delivered #216,Neutral
This product is terrible #557,Negative
Delivery was fast and smooth #622,Positive
This is the best purchase ever #510,Positive
This is the worst purchase ever #180,Negative
The system is running normally #744,Neutral
The package contains accessories #962,Neutral
I would highly recommend this #919,Positive
The meeting was scheduled #537,Neutral
This product is amazing #90,Positive
The payment was processed #219,Neutral
The file was uploaded successfully #442,Neutral
The quality is very poor #988,Negative
The food tasted awful #418,Negative
I am unhappy with the purchase #132,Negative
The item is available online #729,Neutral
Delivery was delayed badly #325,Negative
The order number was updated #296,Neutral
The product arrived yesterday #96,Neutral
I really enjoyed the service #247,Positive
The food tasted delicious #317,Positive
I would never recommend this #5,Negative
Customer support was rude #450,Negative
The event starts tomorrow #687,Neutral
The account was created #512,Neutral
I am very happy with the purchase #853,Positive
The movie was boring #488,Negative
I am unhappy with the purchase #372,Negative
I used the app today #665,Neutral
This product is terrible #565,Negative
The quality is excellent #527,Positive
The report was submitted #742,Neutral
The food tasted awful #484,Negative
Customer support was rude #509,Negative
The class begins at nine #875,Neutral
The food tasted awful #971,Negative
I hated the service #678,Negative
The quality is excellent #63,Positive
This product is amazing #583,Positive
Everything exceeded my expectations #454,Positive
The report was submitted #383,Neutral
I would never recommend this #95,Negative
The meeting was scheduled #580,Neutral
The product arrived yesterday #562,Neutral
The system is running normally #643,Neutral
The meeting was scheduled #979,Neutral
Everything failed my expectations #313,Negative
The system is running normally #626,Neutral
Delivery was fast and smooth #469,Positive
Delivery was fast and smooth #984,Positive
The design looks beautiful #787,Positive
The class begins at nine #992,Neutral
I would never recommend this #414,Negative
The experience was wonderful #674,Positive
The food tasted delicious #526,Positive
I used the app today #778,Neutral
I hated the service #748,Negative
The item is available online #85,Neutral
The quality is very poor #855,Negative
The experience was disappointing #742,Negative
The app works perfectly #333,Positive
The payment was processed #53,Neutral
I would highly recommend this #406,Positive
I hated the service #4,Negative
The event starts tomorrow #538,Neutral
The meeting was scheduled #536,Neutral
The train arrived on time #765,Neutral
The movie was fantastic #531,Positive
Customer support was rude #833,Negative
The experience was disappointing #309,Negative
The product arrived yesterday #709,Neutral
The report was submitted #205,Neutral
The experience was disappointing #300,Negative
This is the best purchase ever #47,Positive
Customer support was rude #968,Negative
I would never recommend this #909,Negative
The movie was boring #926,Negative
I really enjoyed the service #810,Positive
I would never recommend this #658,Negative
I really enjoyed the service #149,Positive
Customer support was rude #916,Negative
This is the best purchase ever #948,Positive
I am unhappy with the purchase #777,Negative
I disliked the performance #295,Negative
The movie was fantastic #645,Positive
I am unhappy with the purchase #739,Negative
The message was delivered #969,Neutral
This is the best purchase ever #540,Positive
The class begins at nine #904,Neutral
The class begins at nine #556,Neutral
Everything exceeded my expectations #497,Positive
The payment was processed #70,Neutral
The movie was fantastic #837,Positive
The payment was processed #423,Neutral
I would never recommend this #66,Negative
I really enjoyed the service #154,Positive
I used the app today #387,Neutral
I used the app today #111,Neutral
Customer support was rude #153,Negative
I am very happy with the purchase #452,Positive
I disliked the performance #632,Negative
The product arrived yesterday #43,Neutral
The train arrived on time #666,Neutral
The train arrived on time #696,Neutral
The order number was updated #595,Neutral
I loved the performance #189,Positive
Delivery was delayed badly #93,Negative
The system is running normally #1,Neutral
The system is running normally #604,Neutral
The app works perfectly #173,Positive
This is the worst purchase ever #96,Negative
The movie was fantastic #759,Positive
I hated the service #162,Negative
This is the worst purchase ever #779,Negative
I am very happy with the purchase #839,Positive
The quality is very poor #44,Negative
I hated the service #686,Negative
The train arrived on time #574,Neutral
The message was delivered #503,Neutral
Customer support was rude #259,Negative
The design looks outdated #406,Negative
I am unhappy with the purchase #694,Negative
This is the worst purchase ever #563,Negative
The train arrived on time #791,Neutral
The quality is excellent #161,Positive
Customer support was rude #41,Negative
The message was delivered #127,Neutral
The app works perfectly #347,Positive
The meeting was scheduled #704,Neutral
The system is running normally #138,Neutral
I would never recommend this #850,Negative
The meeting was scheduled #513,Neutral
I would never recommend this #476,Negative
The experience was wonderful #772,Positive
I really enjoyed the service #628,Positive
The design looks outdated #549,Negative
The movie was boring #490,Negative
The file was uploaded successfully #167,Neutral
This is the best purchase ever #826,Positive
The experience was disappointing #553,Negative
I disliked the performance #278,Negative
The experience was wonderful #902,Positive
The item is available online #498,Neutral
The app works perfectly #176,Positive
The experience was wonderful #799,Positive
Everything failed my expectations #613,Negative
I really enjoyed the service #736,Positive
The design looks beautiful #720,Positive
The order number was updated #599,Neutral
Delivery was delayed badly #867,Negative
The movie was boring #522,Negative
I hated the service #130,Negative
The message was delivered #80,Neutral
Customer support was rude #661,Negative
The event starts tomorrow #58,Neutral
I am very happy with the purchase #803,Positive
The quality is very poor #33,Negative
I would never recommend this #530,Negative
The design looks outdated #838,Negative
The quality is excellent #550,Positive
The payment was processed #268,Neutral
The train arrived on time #165,Neutral
The account was created #989,Neutral
I disliked the performance #955,Negative
The train arrived on time #519,Neutral
The message was delivered #546,Neutral
This is the worst purchase ever #835,Negative
The app works perfectly #709,Positive
The message was delivered #718,Neutral
The payment was processed #18,Neutral
The meeting was scheduled #421,Neutral
The movie was boring #210,Negative
The package contains accessories #950,Neutral
I would never recommend this #294,Negative
The payment was processed #531,Neutral
The account was created #145,Neutral
The meeting was scheduled #282,Neutral
I really enjoyed the service #960,Positive
The design looks outdated #347,Negative
The train arrived on time #54,Neutral
The product arrived yesterday #241,Neutral
The quality is excellent #812,Positive
This product is amazing #218,Positive
The order number was updated #157,Neutral
The package contains accessories #517,Neutral
Customer support was rude #366,Negative
I disliked the performance #693,Negative
The event starts tomorrow #457,Neutral
Everything failed my expectations #426,Negative
The system is running normally #73,Neutral
This product is amazing #921,Positive
This is the worst purchase ever #273,Negative
The meeting was scheduled #470,Neutral
Customer support was helpful #55,Positive
This product is terrible #29,Negative
This product is amazing #764,Positive
The food tasted delicious #160,Positive
Everything exceeded my expectations #387,Positive
Everything exceeded my expectations #89,Positive
The payment was processed #884,Neutral
Everything failed my expectations #389,Negative
The meeting was scheduled #64,Neutral
I used the app today #770,Neutral
The quality is excellent #291,Positive
The movie was boring #377,Negative
I disliked the performance #55,Negative
I hated the service #696,Negative
The meeting was scheduled #487,Neutral
This is the best purchase ever #930,Positive
The meeting was scheduled #712,Neutral
The account was created #385,Neutral
The message was delivered #507,Neutral
I loved the performance #604,Positive
Delivery was delayed badly #8,Negative
This is the worst purchase ever #810,Negative
This product is terrible #455,Negative
The message was delivered #655,Neutral
The experience was wonderful #362,Positive
The design looks beautiful #178,Positive
I hated the service #957,Negative
The app crashes often #77,Negative
I really enjoyed the service #343,Positive
I disliked the performance #545,Negative
The food tasted delicious #660,Positive
The item is available online #648,Neutral
The event starts tomorrow #592,Neutral
The design looks beautiful #986,Positive
The design looks outdated #643,Negative
The system is running normally #971,Neutral
Customer support was rude #990,Negative
The system is running normally #198,Neutral
Everything exceeded my expectations #72,Positive
The design looks outdated #170,Negative
I used the app today #977,Neutral
The food tasted delicious #470,Positive
The design looks outdated #514,Negative
Everything exceeded my expectations #450,Positive
The order number was updated #674,Neutral
I would never recommend this #704,Negative
I really enjoyed the service #135,Positive
Customer support was rude #391,Negative
I would highly recommend this #586,Positive
Everything exceeded my expectations #41,Positive
The system is running normally #819,Neutral
The design looks beautiful #54,Positive
This product is amazing #923,Positive
Everything exceeded my expectations #228,Positive
This is the worst purchase ever #794,Negative
The experience was disappointing #924,Negative
The design looks beautiful #441,Positive
The event starts tomorrow #129,Neutral
The product arrived yesterday #676,Neutral
The product arrived yesterday #354,Neutral
Customer support was helpful #821,Positive
The event starts tomorrow #497,Neutral
The item is available online #808,Neutral
The movie was boring #75,Negative
I would highly recommend this #629,Positive
The product arrived yesterday #447,Neutral
The account was created #161,Neutral
The design looks beautiful #648,Positive
This is the best purchase ever #566,Positive
The movie was boring #550,Negative
The experience was wonderful #121,Positive
Everything failed my expectations #280,Negative
The experience was disappointing #412,Negative
The system is running normally #500,Neutral
The quality is excellent #804,Positive
Customer support was helpful #316,Positive
The quality is very poor #399,Negative
The train arrived on time #812,Neutral
The order number was updated #460,Neutral
The message was delivered #291,Neutral
The experience was wonderful #354,Positive
Delivery was fast and smooth #138,Positive
This product is terrible #954,Negative
I used the app today #510,Neutral
I hated the service #166,Negative
I used the app today #285,Neutral
Delivery was delayed badly #49,Negative
The train arrived on time #773,Neutral
The event starts tomorrow #10,Neutral
I really enjoyed the service #558,Positive
The design looks outdated #134,Negative
The meeting was scheduled #817,Neutral
I really enjoyed the service #410,Positive
I loved the performance #82,Positive
The class begins at nine #309,Neutral
The meeting was scheduled #889,Neutral
The design looks beautiful #236,Positive
I disliked the performance #310,Negative
The item is available online #651,Neutral
Delivery was fast and smooth #477,Positive
The message was delivered #65,Neutral
The quality is very poor #895,Negative
The food tasted awful #649,Negative
The event starts tomorrow #760,Neutral
The order number was updated #393,Neutral
The app crashes often #500,Negative
The system is running normally #621,Neutral
The app works perfectly #675,Positive
This is the best purchase ever #613,Positive
The message was delivered #208,Neutral
I loved the performance #731,Positive
Delivery was fast and smooth #157,Positive
I am unhappy with the purchase #446,Negative
Everything failed my expectations #1000,Negative
I would highly recommend this #969,Positive
Everything failed my expectations #460,Negative
The app crashes often #34,Negative
I disliked the performance #868,Negative
The food tasted delicious #998,Positive
The app crashes often #297,Negative
The design looks beautiful #770,Positive
The experience was disappointing #421,Negative
The movie was fantastic #581,Positive
The message was delivered #640,Neutral
The payment was processed #62,Neutral
I disliked the performance #894,Negative
Delivery was delayed badly #834,Negative
This product is amazing #206,Positive
The movie was fantastic #835,Positive
The movie was fantastic #91,Positive
The food tasted delicious #132,Positive
The experience was wonderful #981,Positive
The file was uploaded successfully #918,Neutral
This product is amazing #522,Positive
The package contains accessories #412,Neutral
The account was created #753,Neutral
I disliked the performance #428,Negative
The quality is very poor #316,Negative
The file was uploaded successfully #506,Neutral
The experience was wonderful #530,Positive
The event starts tomorrow #32,Neutral
This is the worst purchase ever #405,Negative
This product is amazing #234,Positive
Delivery was delayed badly #562,Negative
This product is terrible #816,Negative
I am unhappy with the purchase #363,Negative
Customer support was helpful #249,Positive
Delivery was delayed badly #953,Negative
I disliked the performance #751,Negative
The design looks outdated #566,Negative
The payment was processed #315,Neutral
The design looks beautiful #943,Positive
I would never recommend this #174,Negative
Delivery was fast and smooth #978,Positive
The movie was boring #465,Negative
Everything exceeded my expectations #842,Positive
I am unhappy with the purchase #190,Negative
The movie was boring #885,Negative
The system is running normally #515,Neutral
The design looks outdated #724,Negative
The report was submitted #499,Neutral
I am unhappy with the purchase #609,Negative
The message was delivered #999,Neutral
The design looks outdated #660,Negative
The design looks beautiful #38,Positive
This is the worst purchase ever #213,Negative
This is the worst purchase ever #211,Negative
The quality is very poor #393,Negative
I disliked the performance #747,Negative
Customer support was helpful #56,Positive
I would highly recommend this #505,Positive
The food tasted awful #286,Negative
The quality is very poor #172,Negative
The experience was wonderful #64,Positive
Delivery was delayed badly #889,Negative
This is the worst purchase ever #269,Negative
The item is available online #388,Neutral
The event starts tomorrow #162,Neutral
The meeting was scheduled #163,Neutral
I am very happy with the purchase #53,Positive
This product is terrible #776,Negative
I disliked the performance #323,Negative
This is the best purchase ever #134,Positive
This is the best purchase ever #816,Positive
Delivery was fast and smooth #856,Positive
The class begins at nine #610,Neutral
The payment was processed #567,Neutral
The system is running normally #540,Neutral
I loved the performance #59,Positive
This product is terrible #666,Negative
The movie was fantastic #730,Positive
The design looks outdated #160,Negative
I am unhappy with the purchase #756,Negative
The design looks beautiful #798,Positive
The file was uploaded successfully #734,Neutral
The app crashes often #489,Negative
The train arrived on time #911,Neutral
I really enjoyed the service #481,Positive
This is the best purchase ever #122,Positive
The file was uploaded successfully #330,Neutral
I would highly recommend this #182,Positive
I used the app today #312,Neutral
The movie was boring #624,Negative
I would never recommend this #140,Negative
The system is running normally #240,Neutral
The food tasted awful #403,Negative
The quality is excellent #890,Positive
This is the best purchase ever #5,Positive
The payment was processed #473,Neutral
I used the app today #485,Neutral
The movie was boring #596,Negative
I hated the service #123,Negative
The quality is very poor #665,Negative
I am unhappy with the purchase #459,Negative
The event starts tomorrow #105,Neutral
The class begins at nine #691,Neutral
The design looks beautiful #564,Positive
The payment was processed #45,Neutral
The quality is excellent #556,Positive
The payment was processed #257,Neutral
The file was uploaded successfully #793,Neutral
Delivery was fast and smooth #611,Positive
The app works perfectly #594,Positive
I am very happy with the purchase #322,Positive
This is the best purchase ever #924,Positive
The movie was boring #457,Negative
The movie was boring #905,Negative
This is the worst purchase ever #400,Negative
The system is running normally #953,Neutral
The file was uploaded successfully #26,Neutral
Customer support was helpful #811,Positive
Customer support was rude #948,Negative
I am very happy with the purchase #779,Positive
The report was submitted #522,Neutral
The report was submitted #465,Neutral
The app works perfectly #443,Positive
The system is running normally #821,Neutral
The food tasted awful #222,Negative
The app crashes often #852,Negative
Delivery was delayed badly #758,Negative
I am unhappy with the purchase #642,Negative
The quality is excellent #440,Positive
The event starts tomorrow #787,Neutral
The experience was disappointing #784,Negative
The system is running normally #945,Neutral
I would never recommend this #78,Negative
The design looks beautiful #480,Positive
The design looks outdated #362,Negative
This product is terrible #62,Negative
I disliked the performance #52,Negative
The message was delivered #719,Neutral
I am unhappy with the purchase #183,Negative
The food tasted delicious #434,Positive
The class begins at nine #264,Neutral
I used the app today #364,Neutral
Everything exceeded my expectations #120,Positive
This product is amazing #403,Positive
I disliked the performance #897,Negative
I would highly recommend this #255,Positive
I used the app today #910,Neutral
The order number was updated #841,Neutral
The system is running normally #931,Neutral
The message was delivered #641,Neutral
The package contains accessories #95,Neutral
Customer support was rude #452,Negative
The design looks outdated #573,Negative
This is the best purchase ever #500,Positive
Customer support was helpful #203,Positive
Delivery was fast and smooth #24,Positive
The event starts tomorrow #601,Neutral
The file was uploaded successfully #122,Neutral
The system is running normally #279,Neutral
The payment was processed #9,Neutral
The quality is very poor #655,Negative
The message was delivered #152,Neutral
The design looks beautiful #376,Positive
I used the app today #995,Neutral
Delivery was fast and smooth #508,Positive
Customer support was rude #86,Negative
The payment was processed #405,Neutral
The account was created #92,Neutral
The movie was boring #326,Negative
The app crashes often #735,Negative
I loved the performance #712,Positive
Delivery was delayed badly #382,Negative
I would never recommend this #209,Negative
The product arrived yesterday #193,Neutral
The package contains accessories #789,Neutral
The quality is excellent #235,Positive
The design looks outdated #714,Negative
Everything failed my expectations #556,Negative
Customer support was rude #796,Negative
This is the worst purchase ever #282,Negative
I am unhappy with the purchase #871,Negative
The product arrived yesterday #907,Neutral
Customer support was rude #304,Negative
This product is terrible #496,Negative
The item is available online #548,Neutral
Customer support was helpful #6,Positive
The package contains accessories #475,Neutral
The system is running normally #649,Neutral
I loved the performance #268,Positive
The app works perfectly #868,Positive
I hated the service #390,Negative
The event starts tomorrow #225,Neutral
The train arrived on time #71,Neutral
The quality is very poor #486,Negative
The movie was fantastic #14,Positive
The payment was processed #629,Neutral
The design looks beautiful #509,Positive
The movie was boring #915,Negative
I am very happy with the purchase #557,Positive
The quality is excellent #419,Positive
Customer support was helpful #459,Positive
The train arrived on time #679,Neutral
The movie was boring #480,Negative
The meeting was scheduled #697,Neutral
I would highly recommend this #379,Positive
The design looks outdated #593,Negative
The package contains accessories #155,Neutral
I am very happy with the purchase #426,Positive
The system is running normally #680,Neutral
The payment was processed #276,Neutral
The message was delivered #739,Neutral
I hated the service #89,Negative
The file was uploaded successfully #352,Neutral
This product is terrible #936,Negative
The event starts tomorrow #845,Neutral
I would never recommend this #433,Negative
This is the best purchase ever #350,Positive
I would never recommend this #64,Negative
The experience was wonderful #514,Positive
The food tasted awful #803,Negative
The movie was fantastic #598,Positive
The meeting was scheduled #283,Neutral
I hated the service #815,Negative
The report was submitted #842,Neutral
This is the worst purchase ever #385,Negative
The food tasted delicious #359,Positive
The account was created #901,Neutral
The message was delivered #937,Neutral
The report was submitted #577,Neutral
Everything exceeded my expectations #791,Positive
This product is amazing #276,Positive
The order number was updated #31,Neutral
This is the worst purchase ever #743,Negative
I loved the performance #518,Positive
Delivery was fast and smooth #356,Positive
The experience was disappointing #599,Negative
Customer support was helpful #862,Positive
The train arrived on time #951,Neutral
The event starts tomorrow #101,Neutral
I am unhappy with the purchase #668,Negative
The event starts tomorrow #236,Neutral
The message was delivered #57,Neutral
I hated the service #517,Negative
The package contains accessories #59,Neutral
The food tasted awful #38,Negative
The class begins at nine #523,Neutral
The payment was processed #308,Neutral
The item is available online #403,Neutral
The file was uploaded successfully #612,Neutral
The experience was disappointing #569,Negative
This product is amazing #876,Positive
The message was delivered #106,Neutral
The train arrived on time #766,Neutral
This product is terrible #15,Negative
The system is running normally #972,Neutral
The package contains accessories #646,Neutral
The app crashes often #315,Negative
The product arrived yesterday #722,Neutral
The class begins at nine #635,Neutral
The event starts tomorrow #209,Neutral
The app crashes often #946,Negative
The design looks outdated #81,Negative
I am very happy with the purchase #669,Positive
I really enjoyed the service #658,Positive
The quality is excellent #751,Positive
The experience was wonderful #29,Positive
The package contains accessories #692,Neutral
The report was submitted #222,Neutral
The report was submitted #428,Neutral
The meeting was scheduled #249,Neutral
Everything failed my expectations #445,Negative
This is the best purchase ever #442,Positive
The quality is very poor #404,Negative
The train arrived on time #389,Neutral
The experience was disappointing #53,Negative
I used the app today #265,Neutral
Delivery was delayed badly #664,Negative
The order number was updated #371,Neutral
The app works perfectly #217,Positive
I would never recommend this #122,Negative
The movie was boring #468,Negative
This is the worst purchase ever #727,Negative
The movie was boring #967,Negative
The experience was disappointing #196,Negative
I am unhappy with the purchase #785,Negative
Everything exceeded my expectations #148,Positive
The train arrived on time #159,Neutral
Customer support was rude #581,Negative
This product is terrible #981,Negative
I loved the performance #78,Positive
The payment was processed #262,Neutral
Delivery was delayed badly #956,Negative
Delivery was delayed badly #384,Negative
This is the best purchase ever #800,Positive
The report was submitted #558,Neutral
Everything exceeded my expectations #102,Positive
I loved the performance #60,Positive
Customer support was helpful #144,Positive
The train arrived on time #142,Neutral
The class begins at nine #987,Neutral
The item is available online #90,Neutral
The system is running normally #637,Neutral
The movie was fantastic #404,Positive
I really enjoyed the service #501,Positive
The package contains accessories #873,Neutral
The movie was boring #646,Negative
This is the best purchase ever #797,Positive
I disliked the performance #265,Negative
The experience was wonderful #100,Positive
I am unhappy with the purchase #275,Negative
The order number was updated #781,Neutral
The event starts tomorrow #311,Neutral
The app works perfectly #69,Positive
The event starts tomorrow #417,Neutral
The movie was fantastic #124,Positive
This product is terrible #26,Negative
The order number was updated #965,Neutral
The movie was fantastic #300,Positive
Everything exceeded my expectations #705,Positive
The class begins at nine #97,Neutral
Delivery was delayed badly #226,Negative
Everything failed my expectations #863,Negative
The design looks beautiful #688,Positive
The movie was fantastic #877,Positive
The app crashes often #243,Negative
The experience was wonderful #975,Positive
I would never recommend this #2,Negative
The app works perfectly #548,Positive
The movie was fantastic #166,Positive
Customer support was helpful #752,Positive
This product is amazing #676,Positive
Delivery was delayed badly #729,Negative
The report was submitted #673,Neutral
The payment was processed #960,Neutral
Everything exceeded my expectations #207,Positive
The system is running normally #895,Neutral
The report was submitted #941,Neutral
I hated the service #890,Negative
Customer support was helpful #901,Positive
The food tasted awful #760,Negative
I am very happy with the purchase #271,Positive
The item is available online #103,Neutral
I loved the performance #916,Positive
Delivery was delayed badly #579,Negative
The food tasted delicious #402,Positive
I am unhappy with the purchase #237,Negative
This product is amazing #832,Positive
The product arrived yesterday #702,Neutral
The class begins at nine #768,Neutral
The meeting was scheduled #831,Neutral
I hated the service #676,Negative
The design looks outdated #248,Negative
This is the worst purchase ever #214,Negative
This is the best purchase ever #427,Positive
I used the app today #799,Neutral
The file was uploaded successfully #740,Neutral
The food tasted awful #288,Negative
The item is available online #116,Neutral
The system is running normally #431,Neutral
Delivery was fast and smooth #671,Positive
I used the app today #516,Neutral
The app works perfectly #970,Positive
The payment was processed #366,Neutral
The movie was fantastic #168,Positive
The event starts tomorrow #767,Neutral
I used the app today #908,Neutral
Delivery was fast and smooth #266,Positive
Customer support was rude #923,Negative
The order number was updated #782,Neutral
I am unhappy with the purchase #577,Negative
The app crashes often #195,Negative
The app works perfectly #546,Positive
The design looks outdated #904,Negative
Customer support was helpful #537,Positive
The event starts tomorrow #927,Neutral
Delivery was fast and smooth #49,Positive
I disliked the performance #940,Negative
The message was delivered #28,Neutral
The movie was boring #930,Negative
The payment was processed #84,Neutral
The app works perfectly #13,Positive
The product arrived yesterday #807,Neutral
Everything exceeded my expectations #588,Positive
The design looks beautiful #75,Positive
The experience was wonderful #128,Positive
The report was submitted #404,Neutral
Delivery was fast and smooth #421,Positive
The report was submitted #860,Neutral
The app crashes often #289,Negative
The order number was updated #156,Neutral
This product is amazing #31,Positive
This is the best purchase ever #983,Positive
The design looks beautiful #105,Positive
This is the best purchase ever #723,Positive
The movie was boring #845,Negative
